component,function,endpoint,method,db_table,access_mode,retention,owner,status
other,root__get,/,GET,TBD,RO,TBD,backend-unknown,unmapped
payments,retrieve_activation_code_api_activation_retrieve_post,/api/activation/retrieve,POST,TBD,RW,TBD,backend-unknown,unmapped
AI Categories,set_age_restriction_api_ai_categories_age_restriction_post,/api/ai-categories/age-restriction,POST,TBD,RW,TBD,backend-unknown,unmapped
AI Categories,allow_sites_api_ai_categories_allow_post,/api/ai-categories/allow,POST,TBD,RW,TBD,backend-unknown,unmapped
AI Categories,block_sites_api_ai_categories_block_post,/api/ai-categories/block,POST,TBD,RW,TBD,backend-unknown,unmapped
AI Categories,check_access_api_ai_categories_check_post,/api/ai-categories/check,POST,TBD,RW,TBD,backend-unknown,unmapped
AI Categories,health_check_api_ai_categories_health_get,/api/ai-categories/health,GET,TBD,RO,TBD,backend-unknown,unmapped
AI Categories,get_access_history_api_ai_categories_history_get,/api/ai-categories/history,GET,TBD,RO,TBD,backend-unknown,unmapped
AI Categories,get_sites_api_ai_categories_sites_get,/api/ai-categories/sites,GET,TBD,RO,TBD,backend-unknown,unmapped
AI Categories,get_status_api_ai_categories_status_get,/api/ai-categories/status,GET,TBD,RO,TBD,backend-unknown,unmapped
AI Assistant,ai_assistant_analyze_threat_api_ai_assistant_analyze_threat_post,/api/ai/assistant/analyze_threat,POST,TBD,RW,TBD,backend-unknown,unmapped
AI Assistant,ai_assistant_capabilities_api_ai_assistant_capabilities_get,/api/ai/assistant/capabilities,GET,TBD,RO,TBD,backend-unknown,unmapped
AI Assistant,ai_assistant_chat_api_ai_assistant_chat_post,/api/ai/assistant/chat,POST,TBD,RW,TBD,backend-unknown,unmapped
AI Assistant,ai_assistant_feedback_api_ai_assistant_feedback_post,/api/ai/assistant/feedback,POST,TBD,RW,TBD,backend-unknown,unmapped
AI Assistant,ai_assistant_history_api_ai_assistant_history_get,/api/ai/assistant/history,GET,TBD,RO,TBD,backend-unknown,unmapped
AI Assistant,ai_assistant_recommendations_api_ai_assistant_recommendations_get,/api/ai/assistant/recommendations,GET,TBD,RO,TBD,backend-unknown,unmapped
AI Assistant,ai_assistant_report_incident_api_ai_assistant_report_incident_post,/api/ai/assistant/report_incident,POST,TBD,RW,TBD,backend-unknown,unmapped
AI Assistant,ai_assistant_security_tips_api_ai_assistant_security_tips_get,/api/ai/assistant/security_tips,GET,TBD,RO,TBD,backend-unknown,unmapped
system-ai-compat,ai_chat_compat_api_ai_chat_get,/api/ai/chat,GET,TBD,RO,TBD,backend-unknown,unmapped
system-ai-compat,ai_message_compat_api_ai_message_get,/api/ai/message,GET,TBD,RO,TBD,backend-unknown,unmapped
analytics,get_analytics_api_analytics_get,/api/analytics,GET,TBD,RO,TBD,backend-unknown,unmapped
analytics,get_analytics_threats_api_analytics_threats_get,/api/analytics/threats,GET,TBD,RO,TBD,backend-unknown,unmapped
analytics,get_analytics_top_threats_api_analytics_top_threats_get,/api/analytics/top-threats,GET,TBD,RO,TBD,backend-unknown,unmapped
anti-tracker,block_tracker_api_anti_tracker_block_post,/api/anti-tracker/block,POST,TBD,RW,TBD,backend-unknown,unmapped
anti-tracker,check_request_api_anti_tracker_check_post,/api/anti-tracker/check,POST,TBD,RW,TBD,backend-unknown,unmapped
anti-tracker,health_check_api_anti_tracker_health_get,/api/anti-tracker/health,GET,TBD,RO,TBD,backend-unknown,unmapped
anti-tracker,get_settings_api_anti_tracker_settings_get,/api/anti-tracker/settings,GET,TBD,RO,TBD,backend-unknown,unmapped
anti-tracker,update_settings_api_anti_tracker_settings_post,/api/anti-tracker/settings,POST,TBD,RW,TBD,backend-unknown,unmapped
anti-tracker,get_statistics_api_anti_tracker_stats_get,/api/anti-tracker/stats,GET,TBD,RO,TBD,backend-unknown,unmapped
anti-tracker,get_block_status_api_anti_tracker_status_get,/api/anti-tracker/status,GET,TBD,RO,TBD,backend-unknown,unmapped
anti-tracker,get_tracker_lists_api_anti_tracker_trackers_get,/api/anti-tracker/trackers,GET,TBD,RO,TBD,backend-unknown,unmapped
anti-tracker,unblock_tracker_api_anti_tracker_unblock_post,/api/anti-tracker/unblock,POST,TBD,RW,TBD,backend-unknown,unmapped
auth,login_api_auth_login_post,/api/auth/login,POST,TBD,RW,TBD,backend-unknown,unmapped
auth,login_by_recovery_code_api_auth_login_by_recovery_code_post,/api/auth/login-by-recovery-code,POST,TBD,RW,TBD,backend-unknown,unmapped
auth,logout_api_auth_logout_post,/api/auth/logout,POST,TBD,RW,TBD,backend-unknown,unmapped
auth,refresh_token_api_auth_refresh_post,/api/auth/refresh,POST,TBD,RW,TBD,backend-unknown,unmapped
auth,register_api_auth_register_post,/api/auth/register,POST,TBD,RW,TBD,backend-unknown,unmapped
subscription,register_device_api_auth_register_device_post,/api/auth/register-device,POST,TBD,RW,TBD,backend-unknown,unmapped
subscription,register_device_with_trial_api_auth_register_device_trial_post,/api/auth/register-device-trial,POST,TBD,RW,TBD,backend-unknown,unmapped
Other Functions,resolve_message_conflicts_api_chat_offline_messages_resolve_conflicts_post,/api/chat/offline-messages/resolve-conflicts,POST,TBD,RW,TBD,backend-unknown,unmapped
Other Functions,send_offline_message_api_chat_offline_messages_send_post,/api/chat/offline-messages/send,POST,TBD,RW,TBD,backend-unknown,unmapped
Other Functions,sync_offline_messages_api_chat_offline_messages_sync_post,/api/chat/offline-messages/sync,POST,TBD,RW,TBD,backend-unknown,unmapped
components,get_batch_component_status_api_components_batch_status_post,/api/components/batch/status,POST,TBD,RW,TBD,backend-unknown,unmapped
components,components_bulk_update_compat_api_components_bulk_update_get,/api/components/bulk-update,GET,TBD,RO,TBD,backend-unknown,unmapped
components,components_config_compat_api_components_config_get,/api/components/config,GET,TBD,RO,TBD,backend-unknown,unmapped
Components,update_component_config_api_components_config_update__component_id__post,/api/components/config/update/{component_id},POST,TBD,RW,TBD,backend-unknown,unmapped
Components,get_component_config_api_components_config__component_id__get,/api/components/config/{component_id},GET,TBD,RO,TBD,backend-unknown,unmapped
components,get_component_configuration_api_components_configuration__component_id__get,/api/components/configuration/{component_id},GET,TBD,RO,TBD,backend-unknown,unmapped
components,update_component_configuration_api_components_configuration__component_id__post,/api/components/configuration/{component_id},POST,TBD,RW,TBD,backend-unknown,unmapped
Components,get_component_dependencies_api_components_dependencies__component_id__get,/api/components/dependencies/{component_id},GET,TBD,RO,TBD,backend-unknown,unmapped
components,disable_component_compat_api_components_disable_get,/api/components/disable,GET,TBD,RO,TBD,backend-unknown,unmapped
Components,disable_component_api_components_disable__component_id__post,/api/components/disable/{component_id},POST,TBD,RW,TBD,backend-unknown,unmapped
components,enable_component_compat_api_components_enable_get,/api/components/enable,GET,TBD,RO,TBD,backend-unknown,unmapped
Components,enable_component_api_components_enable__component_id__post,/api/components/enable/{component_id},POST,TBD,RW,TBD,backend-unknown,unmapped
Components,get_components_health_api_components_health_get,/api/components/health,GET,TBD,RO,TBD,backend-unknown,unmapped
Components,get_components_list_api_components_list_get,/api/components/list,GET,TBD,RO,TBD,backend-unknown,unmapped
Components,get_component_logs_api_components_logs__component_id__get,/api/components/logs/{component_id},GET,TBD,RO,TBD,backend-unknown,unmapped
Components,get_component_metrics_api_components_metrics__component_id__get,/api/components/metrics/{component_id},GET,TBD,RO,TBD,backend-unknown,unmapped
Components,restart_component_api_components_restart__component_id__post,/api/components/restart/{component_id},POST,TBD,RW,TBD,backend-unknown,unmapped
components,get_components_status_compat_api_components_status_get,/api/components/status,GET,TBD,RO,TBD,backend-unknown,unmapped
Components,get_all_components_status_api_components_status_all_get,/api/components/status/all,GET,TBD,RO,TBD,backend-unknown,unmapped
Components,get_component_status_api_components_status__component_id__get,/api/components/status/{component_id},GET,TBD,RO,TBD,backend-unknown,unmapped
components,update_component_status_compat_api_components_status__component_id__post,/api/components/status/{component_id},POST,TBD,RW,TBD,backend-unknown,unmapped
Components,test_component_api_components_test__component_id__post,/api/components/test/{component_id},POST,TBD,RW,TBD,backend-unknown,unmapped
Components,update_component_api_components_update__component_id__post,/api/components/update/{component_id},POST,TBD,RW,TBD,backend-unknown,unmapped
crash-detection-compat,crash_detection_alert_api_crash_detection_alert_get,/api/crash-detection/alert,GET,TBD,RO,TBD,backend-unknown,unmapped
Crash Detection,cancel_emergency_call_api_crash_detection_cancel_emergency_call_post,/api/crash-detection/cancel-emergency-call,POST,TBD,RW,TBD,backend-unknown,unmapped
Crash Detection,process_sensor_data_api_crash_detection_data_post,/api/crash-detection/data,POST,TBD,RW,TBD,backend-unknown,unmapped
Crash Detection,call_emergency_api_crash_detection_emergency_call_post,/api/crash-detection/emergency-call,POST,TBD,RW,TBD,backend-unknown,unmapped
Crash Detection,health_check_api_crash_detection_health_get,/api/crash-detection/health,GET,TBD,RO,TBD,backend-unknown,unmapped
Crash Detection,get_crash_history_api_crash_detection_history_get,/api/crash-detection/history,GET,TBD,RO,TBD,backend-unknown,unmapped
Crash Detection,get_crash_notifications_api_crash_detection_notifications_get,/api/crash-detection/notifications,GET,TBD,RO,TBD,backend-unknown,unmapped
Crash Detection,send_crash_notification_api_crash_detection_notifications_send_post,/api/crash-detection/notifications/send,POST,TBD,RW,TBD,backend-unknown,unmapped
Crash Detection,report_crash_api_crash_detection_report_post,/api/crash-detection/report,POST,TBD,RW,TBD,backend-unknown,unmapped
crash-detection-compat,crash_detection_settings_update_api_crash_detection_settings_update_get,/api/crash-detection/settings/update,GET,TBD,RO,TBD,backend-unknown,unmapped
crash-detection-compat,crash_detection_setup_api_crash_detection_setup_get,/api/crash-detection/setup,GET,TBD,RO,TBD,backend-unknown,unmapped
Crash Detection,start_monitoring_api_crash_detection_start_post,/api/crash-detection/start,POST,TBD,RW,TBD,backend-unknown,unmapped
Crash Detection,get_status_api_crash_detection_status_get,/api/crash-detection/status,GET,TBD,RO,TBD,backend-unknown,unmapped
Crash Detection,stop_monitoring_api_crash_detection_stop_post,/api/crash-detection/stop,POST,TBD,RW,TBD,backend-unknown,unmapped
Crash Detection,sync_crash_detection_api_crash_detection_sync_post,/api/crash-detection/sync,POST,TBD,RW,TBD,backend-unknown,unmapped
Dark Web Monitoring,get_breaches_api_darkweb_breaches_get,/api/darkweb/breaches,GET,TBD,RO,TBD,backend-unknown,unmapped
Dark Web Monitoring,check_email_breach_api_darkweb_check_post,/api/darkweb/check,POST,TBD,RW,TBD,backend-unknown,unmapped
Dark Web Monitoring,health_check_api_darkweb_health_get,/api/darkweb/health,GET,TBD,RO,TBD,backend-unknown,unmapped
Dark Web Monitoring,start_monitoring_api_darkweb_start_monitoring_post,/api/darkweb/start-monitoring,POST,TBD,RW,TBD,backend-unknown,unmapped
Dark Web Monitoring,get_monitoring_status_api_darkweb_status_get,/api/darkweb/status,GET,TBD,RO,TBD,backend-unknown,unmapped
Dark Web Monitoring,stop_monitoring_api_darkweb_stop_monitoring_post,/api/darkweb/stop-monitoring,POST,TBD,RW,TBD,backend-unknown,unmapped
Data Cleanup,health_check_api_data_cleanup_health_get,/api/data-cleanup/health,GET,TBD,RO,TBD,backend-unknown,unmapped
Data Cleanup,trigger_periodic_scan_api_data_cleanup_periodic_scan_post,/api/data-cleanup/periodic-scan,POST,TBD,RW,TBD,backend-unknown,unmapped
Data Cleanup,get_user_preferences_api_data_cleanup_preferences_get,/api/data-cleanup/preferences,GET,TBD,RO,TBD,backend-unknown,unmapped
Data Cleanup,update_user_preferences_api_data_cleanup_preferences_post,/api/data-cleanup/preferences,POST,TBD,RW,TBD,backend-unknown,unmapped
Data Cleanup,remove_data_from_sites_api_data_cleanup_remove_post,/api/data-cleanup/remove,POST,TBD,RW,TBD,backend-unknown,unmapped
Data Cleanup,get_cleanup_report_api_data_cleanup_report_get,/api/data-cleanup/report,GET,TBD,RO,TBD,backend-unknown,unmapped
Data Cleanup,scan_broker_sites_api_data_cleanup_scan_post,/api/data-cleanup/scan,POST,TBD,RW,TBD,backend-unknown,unmapped
Data Cleanup,get_scan_status_api_data_cleanup_scan_status_get,/api/data-cleanup/scan-status,GET,TBD,RO,TBD,backend-unknown,unmapped
Data Cleanup,get_removal_status_api_data_cleanup_status_get,/api/data-cleanup/status,GET,TBD,RO,TBD,backend-unknown,unmapped
misc-other-compat,devices_list_api_devices_get,/api/devices,GET,TBD,RO,TBD,backend-unknown,unmapped
driving-reports,record_event_api_driving_reports_event_post,/api/driving-reports/event,POST,TBD,RW,TBD,backend-unknown,unmapped
driving-reports,generate_report_api_driving_reports_generate_post,/api/driving-reports/generate,POST,TBD,RW,TBD,backend-unknown,unmapped
driving-reports,health_check_api_driving_reports_health_get,/api/driving-reports/health,GET,TBD,RO,TBD,backend-unknown,unmapped
driving-reports,get_monthly_report_api_driving_reports_monthly__user_id__get,/api/driving-reports/monthly/{user_id},GET,TBD,RO,TBD,backend-unknown,unmapped
driving-reports,get_recommendations_api_driving_reports_recommendations__user_id__get,/api/driving-reports/recommendations/{user_id},GET,TBD,RO,TBD,backend-unknown,unmapped
driving-reports,get_report_api_driving_reports_report__report_id__get,/api/driving-reports/report/{report_id},GET,TBD,RO,TBD,backend-unknown,unmapped
driving-reports,get_safety_score_api_driving_reports_safety_score__user_id__get,/api/driving-reports/safety-score/{user_id},GET,TBD,RO,TBD,backend-unknown,unmapped
driving-reports,start_monitoring_api_driving_reports_start_post,/api/driving-reports/start,POST,TBD,RW,TBD,backend-unknown,unmapped
driving-reports,stop_monitoring_api_driving_reports_stop_post,/api/driving-reports/stop,POST,TBD,RW,TBD,backend-unknown,unmapped
driving-reports,get_violations_statistics_api_driving_reports_violations__user_id__get,/api/driving-reports/violations/{user_id},GET,TBD,RO,TBD,backend-unknown,unmapped
driving-reports,get_weekly_report_api_driving_reports_weekly__user_id__get,/api/driving-reports/weekly/{user_id},GET,TBD,RO,TBD,backend-unknown,unmapped
Elderly Interface,sync_appointments_api_elderly_appointments_sync_post,/api/elderly/appointments/sync,POST,TBD,RW,TBD,backend-unknown,unmapped
Elderly Interface,update_appointment_api_elderly_appointments_update_post,/api/elderly/appointments/update,POST,TBD,RW,TBD,backend-unknown,unmapped
Elderly Interface,sync_medications_api_elderly_medications_sync_post,/api/elderly/medications/sync,POST,TBD,RW,TBD,backend-unknown,unmapped
Elderly Interface,update_medication_api_elderly_medications_update_post,/api/elderly/medications/update,POST,TBD,RW,TBD,backend-unknown,unmapped
family,add_family_member_compat_api_family_add_get,/api/family/add,GET,TBD,RO,TBD,backend-unknown,unmapped
family,family_chat_messages_compat_api_family_chat_messages_get,/api/family/chat/messages,GET,TBD,RO,TBD,backend-unknown,unmapped
family,family_chat_send_compat_api_family_chat_send_get,/api/family/chat/send,GET,TBD,RO,TBD,backend-unknown,unmapped
family,create_family_endpoint_api_family_create_post,/api/family/create,POST,TBD,RW,TBD,backend-unknown,unmapped
family,join_family_compat_api_family_join_get,/api/family/join,GET,TBD,RO,TBD,backend-unknown,unmapped
family,get_family_member_compat_api_family_member_get,/api/family/member,GET,TBD,RO,TBD,backend-unknown,unmapped
family,get_family_members_compat_api_family_members_get,/api/family/members,GET,TBD,RO,TBD,backend-unknown,unmapped
family,recover_family_compat_api_family_recover_get,/api/family/recover,GET,TBD,RO,TBD,backend-unknown,unmapped
family,remove_family_member_api_family_remove_delete,/api/family/remove,DELETE,TBD,RW,TBD,backend-unknown,unmapped
family,remove_family_member_compat_api_family_remove_get,/api/family/remove,GET,TBD,RO,TBD,backend-unknown,unmapped
family,get_family_stats_api_family_stats_get,/api/family/stats,GET,TBD,RO,TBD,backend-unknown,unmapped
Gamification,get_gamification_achievements_api_gamification_achievements_get,/api/gamification/achievements,GET,TBD,RO,TBD,backend-unknown,unmapped
Gamification,claim_gamification_achievement_api_gamification_achievements_claim_get,/api/gamification/achievements/claim,GET,TBD,RO,TBD,backend-unknown,unmapped
Gamification,get_gamification_achievements_progress_api_gamification_achievements_progress_get,/api/gamification/achievements/progress,GET,TBD,RO,TBD,backend-unknown,unmapped
Gamification,unlock_gamification_achievement_api_gamification_achievements_unlock_get,/api/gamification/achievements/unlock,GET,TBD,RO,TBD,backend-unknown,unmapped
Gamification,get_gamification_balance_current_api_gamification_balance_get,/api/gamification/balance,GET,TBD,RO,TBD,backend-unknown,unmapped
Gamification,get_gamification_balance_api_gamification_balance__userId__get,/api/gamification/balance/{userId},GET,TBD,RO,TBD,backend-unknown,unmapped
Gamification,get_gamification_progress_api_gamification_progress_get,/api/gamification/progress,GET,TBD,RO,TBD,backend-unknown,unmapped
Gamification,get_gamification_progress_level_api_gamification_progress_level_get,/api/gamification/progress/level,GET,TBD,RO,TBD,backend-unknown,unmapped
Gamification,reset_gamification_progress_api_gamification_progress_reset_get,/api/gamification/progress/reset,GET,TBD,RO,TBD,backend-unknown,unmapped
Gamification,get_gamification_progress_stats_api_gamification_progress_stats_get,/api/gamification/progress/stats,GET,TBD,RO,TBD,backend-unknown,unmapped
Gamification,update_gamification_progress_api_gamification_progress_update_get,/api/gamification/progress/update,GET,TBD,RO,TBD,backend-unknown,unmapped
Gamification,get_gamification_rewards_api_gamification_rewards_get,/api/gamification/rewards,GET,TBD,RO,TBD,backend-unknown,unmapped
Gamification,claim_gamification_reward_api_gamification_rewards_claim_get,/api/gamification/rewards/claim,GET,TBD,RO,TBD,backend-unknown,unmapped
Gamification,give_gamification_reward_api_gamification_rewards_give_get,/api/gamification/rewards/give,GET,TBD,RO,TBD,backend-unknown,unmapped
Gamification,get_gamification_rewards_history_api_gamification_rewards_history_get,/api/gamification/rewards/history,GET,TBD,RO,TBD,backend-unknown,unmapped
Gamification,purchase_gamification_reward_api_gamification_rewards_purchase_get,/api/gamification/rewards/purchase,GET,TBD,RO,TBD,backend-unknown,unmapped
Gamification,get_gamification_rewards_shop_api_gamification_rewards_shop_get,/api/gamification/rewards/shop,GET,TBD,RO,TBD,backend-unknown,unmapped
Gamification,get_gamification_settings_api_gamification_settings_get,/api/gamification/settings,GET,TBD,RO,TBD,backend-unknown,unmapped
Gamification,get_gamification_notifications_settings_api_gamification_settings_notifications_get,/api/gamification/settings/notifications,GET,TBD,RO,TBD,backend-unknown,unmapped
Gamification,update_gamification_notifications_settings_api_gamification_settings_notifications_update_get,/api/gamification/settings/notifications/update,GET,TBD,RO,TBD,backend-unknown,unmapped
Gamification,update_gamification_settings_api_gamification_settings_update_get,/api/gamification/settings/update,GET,TBD,RO,TBD,backend-unknown,unmapped
Gamification,get_gamification_tournaments_api_gamification_tournaments_get,/api/gamification/tournaments,GET,TBD,RO,TBD,backend-unknown,unmapped
Gamification,get_gamification_tournaments_history_api_gamification_tournaments_history_get,/api/gamification/tournaments/history,GET,TBD,RO,TBD,backend-unknown,unmapped
Gamification,join_gamification_tournament_api_gamification_tournaments_join_get,/api/gamification/tournaments/join,GET,TBD,RO,TBD,backend-unknown,unmapped
Gamification,get_gamification_tournaments_leaderboard_api_gamification_tournaments_leaderboard_get,/api/gamification/tournaments/leaderboard,GET,TBD,RO,TBD,backend-unknown,unmapped
Gamification,leave_gamification_tournament_api_gamification_tournaments_leave_get,/api/gamification/tournaments/leave,GET,TBD,RO,TBD,backend-unknown,unmapped
other,health_api_health_get,/api/health,GET,TBD,RO,TBD,backend-unknown,unmapped
Identity Theft Protection,get_alerts_api_identity_theft_alerts_get,/api/identity-theft/alerts,GET,TBD,RO,TBD,backend-unknown,unmapped
Identity Theft Protection,check_fraud_database_api_identity_theft_check_post,/api/identity-theft/check,POST,TBD,RW,TBD,backend-unknown,unmapped
Identity Theft Protection,give_consent_api_identity_theft_consent_post,/api/identity-theft/consent,POST,TBD,RW,TBD,backend-unknown,unmapped
Identity Theft Protection,get_credit_freeze_instructions_api_identity_theft_credit_freeze_instructions_get,/api/identity-theft/credit-freeze-instructions,GET,TBD,RO,TBD,backend-unknown,unmapped
Identity Theft Protection,detect_identity_theft_api_identity_theft_detect_post,/api/identity-theft/detect,POST,TBD,RW,TBD,backend-unknown,unmapped
Identity Theft Protection,health_check_api_identity_theft_health_get,/api/identity-theft/health,GET,TBD,RO,TBD,backend-unknown,unmapped
Identity Theft Protection,monitor_credit_api_identity_theft_monitor_credit_post,/api/identity-theft/monitor-credit,POST,TBD,RW,TBD,backend-unknown,unmapped
Identity Theft Protection,monitor_snils_api_identity_theft_monitor_snils_post,/api/identity-theft/monitor-snils,POST,TBD,RW,TBD,backend-unknown,unmapped
Identity Theft Protection,revoke_consent_api_identity_theft_revoke_consent_post,/api/identity-theft/revoke-consent,POST,TBD,RW,TBD,backend-unknown,unmapped
Identity Theft Protection,get_monitoring_status_api_identity_theft_status_get,/api/identity-theft/status,GET,TBD,RO,TBD,backend-unknown,unmapped
Identity Theft Protection,stop_monitoring_api_identity_theft_stop_monitoring_post,/api/identity-theft/stop-monitoring,POST,TBD,RW,TBD,backend-unknown,unmapped
IoT,block_iot_device_api_iot_device__deviceId__block_post,/api/iot/device/{deviceId}/block,POST,TBD,RW,TBD,backend-unknown,unmapped
IoT,get_iot_devices_api_iot_devices__homeId__get,/api/iot/devices/{homeId},GET,TBD,RO,TBD,backend-unknown,unmapped
IoT,fix_iot_threat_api_iot_fix__threatId__post,/api/iot/fix/{threatId},POST,TBD,RW,TBD,backend-unknown,unmapped
IoT,start_iot_scan_api_iot_scan__homeId__post,/api/iot/scan/{homeId},POST,TBD,RW,TBD,backend-unknown,unmapped
IoT,get_iot_status_api_iot_status__homeId__get,/api/iot/status/{homeId},GET,TBD,RO,TBD,backend-unknown,unmapped
IoT,get_iot_threats_api_iot_threats__homeId__get,/api/iot/threats/{homeId},GET,TBD,RO,TBD,backend-unknown,unmapped
Location Bubble,get_bubble_location_api_location_bubble_post,/api/location/bubble,POST,TBD,RW,TBD,backend-unknown,unmapped
Location Bubble,health_check_api_location_bubble_health_get,/api/location/bubble/health,GET,TBD,RO,TBD,backend-unknown,unmapped
Location Bubble,get_generation_history_api_location_bubble_history_get,/api/location/bubble/history,GET,TBD,RO,TBD,backend-unknown,unmapped
Location Bubble,get_person_settings_api_location_bubble_settings_get,/api/location/bubble/settings,GET,TBD,RO,TBD,backend-unknown,unmapped
Location Bubble,set_person_settings_api_location_bubble_settings_post,/api/location/bubble/settings,POST,TBD,RW,TBD,backend-unknown,unmapped
Location Bubble,get_all_person_settings_api_location_bubble_settings_all_get,/api/location/bubble/settings/all,GET,TBD,RO,TBD,backend-unknown,unmapped
misc-other-compat,location_geofences_api_location_geofences_get,/api/location/geofences,GET,TBD,RO,TBD,backend-unknown,unmapped
Other Functions,sync_location_geofences_api_location_geofences_sync_post,/api/location/geofences/sync,POST,TBD,RW,TBD,backend-unknown,unmapped
Other Functions,update_location_geofence_api_location_geofences_update_post,/api/location/geofences/update,POST,TBD,RW,TBD,backend-unknown,unmapped
Other Functions,delete_location_geofence_api_location_geofences__geofenceId__delete,/api/location/geofences/{geofenceId},DELETE,TBD,RW,TBD,backend-unknown,unmapped
Other Functions,get_movement_history_api_location_movement_history_get,/api/location/movement-history,GET,TBD,RO,TBD,backend-unknown,unmapped
Other Functions,update_movement_history_api_location_movement_history_update_post,/api/location/movement-history/update,POST,TBD,RW,TBD,backend-unknown,unmapped
Other Functions,get_location_status_api_location_status_get,/api/location/status,GET,TBD,RO,TBD,backend-unknown,unmapped
Other Functions,update_location_status_api_location_status_update_post,/api/location/status/update,POST,TBD,RW,TBD,backend-unknown,unmapped
misc-other-compat,malware_quarantine_action_api_malware_quarantine_action_get,/api/malware/quarantine/action,GET,TBD,RO,TBD,backend-unknown,unmapped
misc-other-compat,malware_threats_api_malware_threats_get,/api/malware/threats,GET,TBD,RO,TBD,backend-unknown,unmapped
Metrics,upload_metrics_api_metrics_upload_post,/api/metrics/upload,POST,TBD,RW,TBD,backend-unknown,unmapped
network-protection-compat,network_protection_config_api_network_protection_config_get,/api/network-protection/config,GET,TBD,RO,TBD,backend-unknown,unmapped
network-protection-compat,network_protection_connect_api_network_protection_connect_get,/api/network-protection/connect,GET,TBD,RO,TBD,backend-unknown,unmapped
network-protection-compat,network_protection_disconnect_api_network_protection_disconnect_get,/api/network-protection/disconnect,GET,TBD,RO,TBD,backend-unknown,unmapped
network-protection-compat,network_protection_servers_api_network_protection_servers_get,/api/network-protection/servers,GET,TBD,RO,TBD,backend-unknown,unmapped
network-protection-compat,network_protection_settings_api_network_protection_settings_get,/api/network-protection/settings,GET,TBD,RO,TBD,backend-unknown,unmapped
network-protection-compat,patch_network_protection_settings_api_network_protection_settings_patch,/api/network-protection/settings,PATCH,TBD,RW,TBD,backend-unknown,unmapped
network-protection-compat,network_protection_stats_api_network_protection_stats_get,/api/network-protection/stats,GET,TBD,RO,TBD,backend-unknown,unmapped
network-protection-compat,network_protection_status_api_network_protection_status_get,/api/network-protection/status,GET,TBD,RO,TBD,backend-unknown,unmapped
Notifications,list_notifications_api_notifications_get,/api/notifications,GET,TBD,RO,TBD,backend-unknown,unmapped
notifications-compat,notifications_archive_api_notifications_archive_get,/api/notifications/archive,GET,TBD,RO,TBD,backend-unknown,unmapped
notifications-compat,notifications_bulk_mark_read_api_notifications_bulk_mark_read_get,/api/notifications/bulk-mark-read,GET,TBD,RO,TBD,backend-unknown,unmapped
notifications-compat,notifications_categories_api_notifications_categories_get,/api/notifications/categories,GET,TBD,RO,TBD,backend-unknown,unmapped
Notifications,mark_notification_read_api_notifications_read_post,/api/notifications/read,POST,TBD,RW,TBD,backend-unknown,unmapped
notifications-compat,notifications_stats_api_notifications_stats_get,/api/notifications/stats,GET,TBD,RO,TBD,backend-unknown,unmapped
Offline Storage,get_offline_data_api_offline_storage_data_get,/api/offline-storage/data,GET,TBD,RO,TBD,backend-unknown,unmapped
Offline Storage,update_offline_data_api_offline_storage_data_update_post,/api/offline-storage/data/update,POST,TBD,RW,TBD,backend-unknown,unmapped
Offline Storage,delete_offline_data_api_offline_storage_data__dataId__delete,/api/offline-storage/data/{dataId},DELETE,TBD,RW,TBD,backend-unknown,unmapped
Offline Storage,resolve_offline_storage_conflicts_api_offline_storage_resolve_conflicts_post,/api/offline-storage/resolve-conflicts,POST,TBD,RW,TBD,backend-unknown,unmapped
Offline Storage,sync_offline_storage_api_offline_storage_sync_post,/api/offline-storage/sync,POST,TBD,RW,TBD,backend-unknown,unmapped
Parental Control,get_parental_app_blocks_api_parental_control_app_blocks_get,/api/parental-control/app-blocks,GET,TBD,RO,TBD,parental-team,unmapped
Parental Control,sync_app_blocks_api_parental_control_app_blocks_sync_post,/api/parental-control/app-blocks/sync,POST,TBD,RW,TBD,parental-team,unmapped
Parental Control,update_app_blocks_api_parental_control_app_blocks_update_post,/api/parental-control/app-blocks/update,POST,TBD,RW,TBD,parental-team,unmapped
Parental Control,get_app_blocks_api_parental_control_app_blocks__childId__get,/api/parental-control/app-blocks/{childId},GET,TBD,RO,TBD,parental-team,unmapped
Parental Control,get_dns_config_api_parental_control_dns_config_get,/api/parental-control/dns-config,GET,TBD,RO,TBD,parental-team,unmapped
Parental Control,get_parental_geofences_api_parental_control_geofences_get,/api/parental-control/geofences,GET,TBD,RO,TBD,parental-team,unmapped
Parental Control,add_geofence_api_parental_control_geofences_add_post,/api/parental-control/geofences/add,POST,TBD,RW,TBD,parental-team,unmapped
Parental Control,update_geofence_api_parental_control_geofences_update_post,/api/parental-control/geofences/update,POST,TBD,RW,TBD,parental-team,unmapped
Parental Control,get_geofences_api_parental_control_geofences__childId__get,/api/parental-control/geofences/{childId},GET,TBD,RO,TBD,parental-team,unmapped
Parental Control,delete_geofence_api_parental_control_geofences__geofenceId__delete,/api/parental-control/geofences/{geofenceId},DELETE,TBD,RW,TBD,parental-team,unmapped
Parental Control,report_location_api_parental_control_location_report_post,/api/parental-control/location/report,POST,TBD,RW,TBD,parental-team,unmapped
Parental Control,get_daily_reports_api_parental_control_reports_daily_get,/api/parental-control/reports/daily,GET,TBD,RO,TBD,parental-team,unmapped
Parental Control,get_weekly_reports_api_parental_control_reports_weekly_get,/api/parental-control/reports/weekly,GET,TBD,RO,TBD,parental-team,unmapped
Parental Control,get_parental_schedules_api_parental_control_schedules_get,/api/parental-control/schedules,GET,TBD,RO,TBD,parental-team,unmapped
Parental Control,delete_schedule_api_parental_control_schedules_delete_post,/api/parental-control/schedules/delete,POST,TBD,RW,TBD,parental-team,unmapped
Parental Control,get_schedules_history_api_parental_control_schedules_history_get,/api/parental-control/schedules/history,GET,TBD,RO,TBD,parental-team,unmapped
Parental Control,update_schedule_api_parental_control_schedules_update_post,/api/parental-control/schedules/update,POST,TBD,RW,TBD,parental-team,unmapped
Parental Control,get_schedules_api_parental_control_schedules__childId__get,/api/parental-control/schedules/{childId},GET,TBD,RO,TBD,parental-team,unmapped
Parental Control,get_parental_settings_api_parental_control_settings_get,/api/parental-control/settings,GET,TBD,RO,TBD,parental-team,unmapped
Parental Control,get_parental_control_settings_conflicts_api_parental_control_settings_conflicts_get,/api/parental-control/settings/conflicts,GET,TBD,RO,TBD,parental-team,unmapped
Parental Control,get_parental_control_settings_history_api_parental_control_settings_history_get,/api/parental-control/settings/history,GET,TBD,RO,TBD,parental-team,unmapped
Parental Control,sync_parental_control_settings_api_parental_control_settings_sync_post,/api/parental-control/settings/sync,POST,TBD,RW,TBD,parental-team,unmapped
Parental Control,update_parental_control_settings_api_parental_control_settings_update_post,/api/parental-control/settings/update,POST,TBD,RW,TBD,parental-team,unmapped
Parental Control,get_parental_control_settings_api_parental_control_settings__familyId__get,/api/parental-control/settings/{familyId},GET,TBD,RO,TBD,parental-team,unmapped
Parental Control,get_parental_control_stats_api_parental_control_stats_get,/api/parental-control/stats,GET,TBD,RO,TBD,parental-team,unmapped
Parental Control,get_parental_manager_status_api_parental_control_status_get,/api/parental-control/status,GET,TBD,RO,TBD,parental-team,unmapped
Parental Control,get_parental_time_limits_api_parental_control_time_limits_get,/api/parental-control/time-limits,GET,TBD,RO,TBD,parental-team,unmapped
Parental Control,get_time_limits_history_api_parental_control_time_limits_history_get,/api/parental-control/time-limits/history,GET,TBD,RO,TBD,parental-team,unmapped
Parental Control,reset_time_limits_api_parental_control_time_limits_reset_post,/api/parental-control/time-limits/reset,POST,TBD,RW,TBD,parental-team,unmapped
Parental Control,update_time_limits_api_parental_control_time_limits_update_post,/api/parental-control/time-limits/update,POST,TBD,RW,TBD,parental-team,unmapped
Parental Control,get_time_limits_api_parental_control_time_limits__childId__get,/api/parental-control/time-limits/{childId},GET,TBD,RO,TBD,parental-team,unmapped
parental-compat,parental_block_api_parental_block_get,/api/parental/block,GET,TBD,RO,TBD,backend-unknown,unmapped
Parental Control Bypass,apply_bypass_protection_api_parental_bypass_apply_post,/api/parental/bypass/apply,POST,TBD,RW,TBD,parental-team,unmapped
Parental Control Bypass,get_bypass_stats_api_parental_bypass_stats_get,/api/parental/bypass/stats,GET,TBD,RO,TBD,parental-team,unmapped
Parental Control Bypass,get_bypass_manager_status_api_parental_bypass_status_get,/api/parental/bypass/status,GET,TBD,RO,TBD,parental-team,unmapped
parental-compat,parental_control_api_parental_control_get,/api/parental/control,GET,TBD,RO,TBD,backend-unknown,unmapped
parental-compat,parental_limits_api_parental_limits_get,/api/parental/limits,GET,TBD,RO,TBD,backend-unknown,unmapped
payments,confirm_payment_api_payments_confirm_post,/api/payments/confirm,POST,TBD,RW,TBD,backend-unknown,unmapped
payments,create_payment_api_payments_create_post,/api/payments/create,POST,TBD,RW,TBD,backend-unknown,unmapped
payments,create_payment_qr_api_payments_qr_create_post,/api/payments/qr/create,POST,TBD,RW,TBD,backend-unknown,unmapped
misc-other-compat,payments_qr_status_test_api_payments_qr_status_test_get,/api/payments/qr/status/test,GET,TBD,RO,TBD,backend-unknown,unmapped
payments,recover_payment_code_api_payments_recover_post,/api/payments/recover,POST,TBD,RW,TBD,backend-unknown,unmapped
payments,check_payment_status_api_payments_status__payment_id__get,/api/payments/status/{payment_id},GET,TBD,RO,TBD,backend-unknown,unmapped
protection,disable_protection_category_api_protection_disable_post,/api/protection/disable,POST,TBD,RW,TBD,backend-unknown,unmapped
protection,enable_protection_category_api_protection_enable_post,/api/protection/enable,POST,TBD,RW,TBD,backend-unknown,unmapped
misc-other-compat,protection_quarantine_action_api_protection_quarantine_action_get,/api/protection/quarantine/action,GET,TBD,RO,TBD,backend-unknown,unmapped
protection,get_protection_settings_api_protection_settings_get,/api/protection/settings,GET,TBD,RO,TBD,backend-unknown,unmapped
protection,update_protection_settings_api_protection_settings_post,/api/protection/settings,POST,TBD,RW,TBD,backend-unknown,unmapped
protection,get_protection_stats_api_protection_stats_get,/api/protection/stats,GET,TBD,RO,TBD,backend-unknown,unmapped
protection,get_protection_status_api_protection_status_get,/api/protection/status,GET,TBD,RO,TBD,backend-unknown,unmapped
protection,sync_protection_settings_api_protection_sync_post,/api/protection/sync,POST,TBD,RW,TBD,backend-unknown,unmapped
protection,get_threat_scenarios_api_protection_threat_scenarios_get,/api/protection/threat-scenarios,GET,TBD,RO,TBD,backend-unknown,unmapped
misc-other-compat,protection_threats_api_protection_threats_get,/api/protection/threats,GET,TBD,RO,TBD,backend-unknown,unmapped
misc-other-compat,protection_threats_test_api_protection_threats_test_get,/api/protection/threats/test,GET,TBD,RO,TBD,backend-unknown,unmapped
referral,get_referral_code_api_referral_code_get,/api/referral/code,GET,TBD,RO,TBD,backend-unknown,unmapped
referral,get_referral_history_api_referral_history_get,/api/referral/history,GET,TBD,RO,TBD,backend-unknown,unmapped
referral,get_referral_rewards_api_referral_rewards_get,/api/referral/rewards,GET,TBD,RO,TBD,backend-unknown,unmapped
referral,get_referral_stats_api_referral_stats_get,/api/referral/stats,GET,TBD,RO,TBD,backend-unknown,unmapped
referral-test,test_apply_discount_api_referral_test_discount_apply_get,/api/referral/test/discount/apply,GET,TBD,RO,TBD,backend-unknown,unmapped
referral-test,test_confirm_payment_api_referral_test_payment_confirm_post,/api/referral/test/payment/confirm,POST,TBD,RW,TBD,backend-unknown,unmapped
referral-test,test_create_payment_api_referral_test_payment_create_post,/api/referral/test/payment/create,POST,TBD,RW,TBD,backend-unknown,unmapped
Reports,reports_ai_categories_allow_api_reports_ai_categories_allow_get,/api/reports/ai-categories/allow,GET,TBD,RO,TBD,reports-team,unmapped
Reports,reports_ai_categories_block_api_reports_ai_categories_block_get,/api/reports/ai-categories/block,GET,TBD,RO,TBD,reports-team,unmapped
Reports,reports_ai_categories_reports_api_reports_ai_categories_reports_get,/api/reports/ai-categories/reports,GET,TBD,RO,TBD,reports-team,unmapped
Reports,get_ai_categories_stats_api_reports_ai_categories_stats_get,/api/reports/ai-categories/stats,GET,public.ai_category_reports,RO,TBD(public legacy model),reports-team,mapped
Reports,reports_dark_web_leaks_compat_api_reports_dark_web_leaks_get,/api/reports/dark-web/leaks,GET,TBD,RO,TBD,reports-team,unmapped
Reports,reports_dark_web_leaks_api_reports_dark_web_leaks_list_get,/api/reports/dark-web/leaks/list,GET,darkweb.darkweb_leaks,RO,72h raw / aggregates policy,reports-team,mapped
Reports,reports_dark_web_resolve_api_reports_dark_web_resolve_get,/api/reports/dark-web/resolve,GET,TBD,RO,TBD,reports-team,unmapped
Reports,reports_dark_web_scan_fast_api_reports_dark_web_scan_fast_get,/api/reports/dark-web/scan/fast,GET,TBD,RO,TBD,reports-team,unmapped
Reports,reports_dark_web_scan_secure_api_reports_dark_web_scan_secure_get,/api/reports/dark-web/scan/secure,GET,TBD,RO,TBD,reports-team,unmapped
Reports,reports_dark_web_scan_start_api_reports_dark_web_scan_start_get,/api/reports/dark-web/scan/start,GET,darkweb.darkweb_leaks,RO,72h raw / aggregates policy,reports-team,mapped
Reports,reports_dark_web_scan_start_post_api_reports_dark_web_scan_start_post,/api/reports/dark-web/scan/start,POST,darkweb.darkweb_leaks,RW,72h raw / aggregates policy,reports-team,mapped
Reports,reports_dark_web_scans_api_reports_dark_web_scans_get,/api/reports/dark-web/scans,GET,TBD,RO,TBD,reports-team,unmapped
Reports,get_dark_web_stats_api_reports_dark_web_stats_get,/api/reports/dark-web/stats,GET,darkweb.darkweb_leaks,RO,72h raw / aggregates policy,reports-team,mapped
Reports,reports_driving_root_api_reports_driving_get,/api/reports/driving,GET,TBD,RO,TBD,reports-team,unmapped
Reports,reports_driving_behavior_api_reports_driving_behavior_get,/api/reports/driving/behavior,GET,TBD,RO,TBD,reports-team,unmapped
Reports,reports_driving_end_api_reports_driving_end_get,/api/reports/driving/end,GET,TBD,RO,TBD,reports-team,unmapped
Reports,reports_driving_events_api_reports_driving_events_get,/api/reports/driving/events,GET,TBD,RO,TBD,reports-team,unmapped
Reports,reports_driving_export_api_reports_driving_export_get,/api/reports/driving/export,GET,TBD,RO,TBD,reports-team,unmapped
Reports,reports_driving_score_api_reports_driving_score_get,/api/reports/driving/score,GET,TBD,RO,TBD,reports-team,unmapped
Reports,reports_driving_start_api_reports_driving_start_get,/api/reports/driving/start,GET,TBD,RO,TBD,reports-team,unmapped
Reports,get_driving_reports_stats_api_reports_driving_stats_get,/api/reports/driving/stats,GET,public.parental_reports,RO,TBD(public legacy model),reports-team,mapped
Reports,reports_identity_theft_allow_api_reports_identity_theft_allow_get,/api/reports/identity-theft/allow,GET,identity.identity_attempts,RO,90d raw / aggregates policy,reports-team,mapped
Reports,reports_identity_theft_allow_post_api_reports_identity_theft_allow_post,/api/reports/identity-theft/allow,POST,identity.identity_attempts,RW,90d raw / aggregates policy,reports-team,mapped
Reports,reports_identity_theft_attempts_compat_api_reports_identity_theft_attempts_get,/api/reports/identity-theft/attempts,GET,TBD,RO,TBD,reports-team,unmapped
Reports,reports_identity_theft_attempts_api_reports_identity_theft_attempts_list_get,/api/reports/identity-theft/attempts/list,GET,identity.identity_attempts,RO,90d raw / aggregates policy,reports-team,mapped
Reports,reports_identity_theft_block_api_reports_identity_theft_block_get,/api/reports/identity-theft/block,GET,identity.identity_attempts,RO,90d raw / aggregates policy,reports-team,mapped
Reports,reports_identity_theft_block_post_api_reports_identity_theft_block_post,/api/reports/identity-theft/block,POST,identity.identity_attempts,RW,90d raw / aggregates policy,reports-team,mapped
Reports,get_identity_theft_stats_api_reports_identity_theft_stats_get,/api/reports/identity-theft/stats,GET,identity.identity_attempts,RO,90d raw / aggregates policy,reports-team,mapped
Reports,reports_identity_theft_whitelist_api_reports_identity_theft_whitelist_get,/api/reports/identity-theft/whitelist,GET,TBD,RO,TBD,reports-team,unmapped
Reports,reports_privacy_cleanup_records_compat_api_reports_privacy_cleanup_records_get,/api/reports/privacy/cleanup/records,GET,TBD,RO,TBD,reports-team,unmapped
Reports,reports_privacy_cleanup_records_api_reports_privacy_cleanup_records_list_get,/api/reports/privacy/cleanup/records/list,GET,cleanup.cleanup_records,RO,365d raw / aggregates policy,reports-team,mapped
Reports,reports_privacy_cleanup_start_api_reports_privacy_cleanup_start_get,/api/reports/privacy/cleanup/start,GET,cleanup.cleanup_records,RO,365d raw / aggregates policy,reports-team,mapped
Reports,reports_privacy_cleanup_start_post_api_reports_privacy_cleanup_start_post,/api/reports/privacy/cleanup/start,POST,cleanup.cleanup_records,RW,365d raw / aggregates policy,reports-team,mapped
Reports,get_cleanup_stats_api_reports_privacy_cleanup_stats_get,/api/reports/privacy/cleanup/stats,GET,cleanup.cleanup_records,RO,365d raw / aggregates policy,reports-team,mapped
Reports,reports_privacy_location_allow_api_reports_privacy_location_allow_get,/api/reports/privacy/location/allow,GET,location.location_requests,RO,90d raw / aggregates policy,reports-team,mapped
Reports,reports_privacy_location_allow_post_api_reports_privacy_location_allow_post,/api/reports/privacy/location/allow,POST,location.location_requests,RW,90d raw / aggregates policy,reports-team,mapped
Reports,reports_privacy_location_block_api_reports_privacy_location_block_get,/api/reports/privacy/location/block,GET,location.location_requests,RO,90d raw / aggregates policy,reports-team,mapped
Reports,reports_privacy_location_block_post_api_reports_privacy_location_block_post,/api/reports/privacy/location/block,POST,location.location_requests,RW,90d raw / aggregates policy,reports-team,mapped
Reports,reports_privacy_location_bubble_api_reports_privacy_location_bubble_get,/api/reports/privacy/location/bubble,GET,TBD,RO,TBD,reports-team,unmapped
Reports,reports_privacy_location_requests_compat_api_reports_privacy_location_requests_get,/api/reports/privacy/location/requests,GET,TBD,RO,TBD,reports-team,unmapped
Reports,reports_privacy_location_requests_api_reports_privacy_location_requests_list_get,/api/reports/privacy/location/requests/list,GET,location.location_requests,RO,90d raw / aggregates policy,reports-team,mapped
Reports,reports_privacy_location_send_api_reports_privacy_location_send_get,/api/reports/privacy/location/send,GET,TBD,RO,TBD,reports-team,unmapped
Reports,get_location_stats_api_reports_privacy_location_stats_get,/api/reports/privacy/location/stats,GET,location.location_requests,RO,90d raw / aggregates policy,reports-team,mapped
Reports,reports_privacy_location_update_accuracy_api_reports_privacy_location_update_accuracy_get,/api/reports/privacy/location/update-accuracy,GET,TBD,RO,TBD,reports-team,unmapped
Reports,get_tracker_stats_api_reports_privacy_tracker_stats_get,/api/reports/privacy/tracker/stats,GET,tracker.tracker_blocks,RO,180d raw / aggregates policy,reports-team,mapped
Reports,reports_privacy_tracker_top_compat_api_reports_privacy_tracker_top_get,/api/reports/privacy/tracker/top,GET,TBD,RO,TBD,reports-team,unmapped
Reports,reports_privacy_tracker_top_api_reports_privacy_tracker_top_list_get,/api/reports/privacy/tracker/top/list,GET,tracker.tracker_blocks,RO,180d raw / aggregates policy,reports-team,mapped
Reports,reports_privacy_tracker_whitelist_api_reports_privacy_tracker_whitelist_get,/api/reports/privacy/tracker/whitelist,GET,tracker.tracker_blocks,RO,180d raw / aggregates policy,reports-team,mapped
Reports,reports_privacy_tracker_whitelist_post_api_reports_privacy_tracker_whitelist_post,/api/reports/privacy/tracker/whitelist,POST,tracker.tracker_blocks,RW,180d raw / aggregates policy,reports-team,mapped
Roadside Assistance,call_assistance_api_roadside_assistance_call_post,/api/roadside-assistance/call,POST,TBD,RW,TBD,backend-unknown,unmapped
Roadside Assistance,cancel_request_api_roadside_assistance_cancel__request_id__post,/api/roadside-assistance/cancel/{request_id},POST,TBD,RW,TBD,backend-unknown,unmapped
Roadside Assistance,health_check_api_roadside_assistance_health_get,/api/roadside-assistance/health,GET,TBD,RO,TBD,backend-unknown,unmapped
Roadside Assistance,get_history_api_roadside_assistance_history_get,/api/roadside-assistance/history,GET,TBD,RO,TBD,backend-unknown,unmapped
Roadside Assistance,get_status_api_roadside_assistance_status__request_id__get,/api/roadside-assistance/status/{request_id},GET,TBD,RO,TBD,backend-unknown,unmapped
App Settings,get_biometry_settings_api_settings_biometry_get,/api/settings/biometry,GET,TBD,RO,TBD,backend-unknown,unmapped
App Settings,update_biometry_settings_api_settings_biometry_update_post,/api/settings/biometry/update,POST,TBD,RW,TBD,backend-unknown,unmapped
App Settings,get_language_settings_api_settings_language_get,/api/settings/language,GET,TBD,RO,TBD,backend-unknown,unmapped
App Settings,update_language_settings_api_settings_language_update_post,/api/settings/language/update,POST,TBD,RW,TBD,backend-unknown,unmapped
App Settings,get_notification_settings_api_settings_notifications_get,/api/settings/notifications,GET,TBD,RO,TBD,backend-unknown,unmapped
App Settings,update_notification_settings_api_settings_notifications_update_post,/api/settings/notifications/update,POST,TBD,RW,TBD,backend-unknown,unmapped
App Settings,sync_app_settings_api_settings_sync_post,/api/settings/sync,POST,TBD,RW,TBD,backend-unknown,unmapped
App Settings,get_theme_settings_api_settings_theme_get,/api/settings/theme,GET,TBD,RO,TBD,backend-unknown,unmapped
App Settings,update_theme_settings_api_settings_theme_update_post,/api/settings/theme/update,POST,TBD,RW,TBD,backend-unknown,unmapped
App Settings,update_app_settings_api_settings_update_post,/api/settings/update,POST,TBD,RW,TBD,backend-unknown,unmapped
subscription-compat,subscription_activate_api_subscription_activate_get,/api/subscription/activate,GET,TBD,RO,TBD,backend-unknown,unmapped
subscription-compat,subscription_activation_activate_api_subscription_activation_activate_get,/api/subscription/activation/activate,GET,TBD,RO,TBD,backend-unknown,unmapped
subscription-compat,subscription_activation_verify_api_subscription_activation_verify_get,/api/subscription/activation/verify,GET,TBD,RO,TBD,backend-unknown,unmapped
Subscription,get_auto_renewal_api_subscription_auto_renewal_get,/api/subscription/auto-renewal,GET,TBD,RO,TBD,backend-unknown,unmapped
Subscription,update_auto_renewal_api_subscription_auto_renewal_update_post,/api/subscription/auto-renewal/update,POST,TBD,RW,TBD,backend-unknown,unmapped
subscription,cancel_subscription_api_subscription_cancel_post,/api/subscription/cancel,POST,TBD,RW,TBD,backend-unknown,unmapped
subscription-events,alert_check_subscription_events_api_subscription_events_alert_check_get,/api/subscription/events/alert/check,GET,TBD,RO,TBD,backend-unknown,unmapped
subscription-events,ingest_subscription_events_batch_api_subscription_events_batch_post,/api/subscription/events/batch,POST,TBD,RW,TBD,backend-unknown,unmapped
subscription-events,get_recent_subscription_events_api_subscription_events_recent_get,/api/subscription/events/recent,GET,TBD,RO,TBD,backend-unknown,unmapped
subscription-events,get_subscription_events_summary_api_subscription_events_stats_summary_get,/api/subscription/events/stats/summary,GET,TBD,RO,TBD,backend-unknown,unmapped
Subscription,get_purchase_history_api_subscription_purchase_history_get,/api/subscription/purchase-history,GET,TBD,RO,TBD,backend-unknown,unmapped
subscription,get_subscription_status_api_subscription_status_get,/api/subscription/status,GET,TBD,RO,TBD,backend-unknown,unmapped
Subscription,update_subscription_status_api_subscription_status_update_post,/api/subscription/status/update,POST,TBD,RW,TBD,backend-unknown,unmapped
subscription-compat,subscription_subscribe_api_subscription_subscribe_get,/api/subscription/subscribe,GET,TBD,RO,TBD,backend-unknown,unmapped
Subscription,sync_subscription_api_subscription_sync_post,/api/subscription/sync,POST,TBD,RW,TBD,backend-unknown,unmapped
subscription-compat,subscription_tariffs_api_subscription_tariffs_get,/api/subscription/tariffs,GET,TBD,RO,TBD,backend-unknown,unmapped
Subscription,update_subscription_api_subscription_update_post,/api/subscription/update,POST,TBD,RW,TBD,backend-unknown,unmapped
subscription,validate_receipt_api_subscription_validate_receipt_post,/api/subscription/validate-receipt,POST,TBD,RW,TBD,backend-unknown,unmapped
System Management,create_backup_api_system_backup_post,/api/system/backup,POST,TBD,RW,TBD,backend-unknown,unmapped
System Management,get_backup_status_api_system_backup_status_get,/api/system/backup/status,GET,TBD,RO,TBD,backend-unknown,unmapped
System Management,get_system_health_api_system_health_get,/api/system/health,GET,TBD,RO,TBD,backend-unknown,unmapped
System Management,get_system_info_api_system_info_get,/api/system/info,GET,TBD,RO,TBD,backend-unknown,unmapped
System Management,get_system_logs_api_system_logs_get,/api/system/logs,GET,TBD,RO,TBD,backend-unknown,unmapped
System Management,set_maintenance_mode_api_system_maintenance_post,/api/system/maintenance,POST,TBD,RW,TBD,backend-unknown,unmapped
System Management,get_system_metrics_api_system_metrics_get,/api/system/metrics,GET,TBD,RO,TBD,backend-unknown,unmapped
System Management,get_system_resources_api_system_resources_get,/api/system/resources,GET,TBD,RO,TBD,backend-unknown,unmapped
System Management,restart_system_api_system_restart_post,/api/system/restart,POST,TBD,RW,TBD,backend-unknown,unmapped
system-ai-compat,system_status_compat_api_system_status_get,/api/system/status,GET,TBD,RO,TBD,backend-unknown,unmapped
System Management,get_system_uptime_api_system_uptime_get,/api/system/uptime,GET,TBD,RO,TBD,backend-unknown,unmapped
System Management,get_system_version_api_system_version_get,/api/system/version,GET,TBD,RO,TBD,backend-unknown,unmapped
misc-other-compat,api_test_api_test_get,/api/test,GET,TBD,RO,TBD,backend-unknown,unmapped
user,user_2fa_status_compat_api_user_2fa_status_get,/api/user/2fa/status,GET,TBD,RO,TBD,backend-unknown,unmapped
user,user_2fa_update_compat_api_user_2fa_update_get,/api/user/2fa/update,GET,TBD,RO,TBD,backend-unknown,unmapped
user,delete_user_compat_api_user_delete_get,/api/user/delete,GET,TBD,RO,TBD,backend-unknown,unmapped
user,change_password_compat_api_user_password_get,/api/user/password,GET,TBD,RO,TBD,backend-unknown,unmapped
user,get_user_profile_compat_api_user_profile_get,/api/user/profile,GET,TBD,RO,TBD,backend-unknown,unmapped
User Profile,get_user_profile_history_api_user_profile_history_get,/api/user/profile/history,GET,TBD,RO,TBD,backend-unknown,unmapped
User Profile,get_user_privacy_settings_api_user_profile_privacy_get,/api/user/profile/privacy,GET,TBD,RO,TBD,backend-unknown,unmapped
User Profile,update_user_privacy_settings_api_user_profile_privacy_update_post,/api/user/profile/privacy/update,POST,TBD,RW,TBD,backend-unknown,unmapped
User Profile,sync_user_profile_api_user_profile_sync_post,/api/user/profile/sync,POST,TBD,RW,TBD,backend-unknown,unmapped
User Profile,update_user_profile_api_user_profile_update_post,/api/user/profile/update,POST,TBD,RW,TBD,backend-unknown,unmapped
user,update_user_compat_api_user_update_get,/api/user/update,GET,TBD,RO,TBD,backend-unknown,unmapped
Parental Control Legacy,get_legacy_access_requests_api_v1_parental_control_access_requests_get,/api/v1/parental-control/access-requests,GET,TBD,RO,TBD,parental-team,unmapped
Parental Control Legacy,handle_legacy_access_request_api_v1_parental_control_access_requests_post,/api/v1/parental-control/access-requests,POST,TBD,RW,TBD,parental-team,unmapped
Parental Control Legacy,get_legacy_parental_blocking_api_v1_parental_control_blocking_get,/api/v1/parental-control/blocking,GET,TBD,RO,TBD,parental-team,unmapped
Parental Control Legacy,get_legacy_location_geofences_api_v1_parental_control_location_geofences_get,/api/v1/parental-control/location/geofences,GET,TBD,RO,TBD,parental-team,unmapped
Parental Control Legacy,track_legacy_location_api_v1_parental_control_location_track_post,/api/v1/parental-control/location/track,POST,TBD,RW,TBD,parental-team,unmapped
Parental Control Legacy,apply_legacy_parental_rules_api_v1_parental_control_rules_post,/api/v1/parental-control/rules,POST,TBD,RW,TBD,parental-team,unmapped
Parental Control Legacy,get_legacy_stats_api_v1_parental_control_stats_get,/api/v1/parental-control/stats,GET,TBD,RO,TBD,parental-team,unmapped
other,wildcard_handler_api__path__get,/api/{path},DELETE,TBD,RW,TBD,backend-unknown,unmapped
other,wildcard_handler_api__path__get,/api/{path},GET,TBD,RO,TBD,backend-unknown,unmapped
other,wildcard_handler_api__path__get,/api/{path},POST,TBD,RW,TBD,backend-unknown,unmapped
other,wildcard_handler_api__path__get,/api/{path},PUT,TBD,RW,TBD,backend-unknown,unmapped
other,prometheus_metrics_metrics_get,/metrics,GET,TBD,RO,TBD,backend-unknown,unmapped
