component,function,endpoint,method,auth,expected,dto,db_source,status,mock_policy
other,root__get,/,GET,optional_or_unknown,Root,unknown,to_verify,to_verify,must_not_return_mock
payments,retrieve_activation_code_api_activation_retrieve_post,/api/activation/retrieve,POST,optional_or_unknown,Retrieve Activation Code,unknown,to_verify,to_verify,must_not_return_mock
AI Categories,set_age_restriction_api_ai_categories_age_restriction_post,/api/ai-categories/age-restriction,POST,optional_or_unknown,Установить ограничение по возрасту,object,to_verify,to_verify,must_not_return_mock
AI Categories,allow_sites_api_ai_categories_allow_post,/api/ai-categories/allow,POST,optional_or_unknown,Разрешить доступ к AI-сайтам,object,to_verify,to_verify,must_not_return_mock
AI Categories,block_sites_api_ai_categories_block_post,/api/ai-categories/block,POST,optional_or_unknown,Заблокировать AI-сайты,object,to_verify,to_verify,must_not_return_mock
AI Categories,check_access_api_ai_categories_check_post,/api/ai-categories/check,POST,optional_or_unknown,Проверить доступ к AI-сайту,object,to_verify,to_verify,must_not_return_mock
AI Categories,health_check_api_ai_categories_health_get,/api/ai-categories/health,GET,optional_or_unknown,Health check,object,to_verify,to_verify,must_not_return_mock
AI Categories,get_access_history_api_ai_categories_history_get,/api/ai-categories/history,GET,optional_or_unknown,Получить историю попыток доступа,object,to_verify,to_verify,must_not_return_mock
AI Categories,get_sites_api_ai_categories_sites_get,/api/ai-categories/sites,GET,optional_or_unknown,Получить список всех AI-сайтов,object,to_verify,to_verify,must_not_return_mock
AI Categories,get_status_api_ai_categories_status_get,/api/ai-categories/status,GET,optional_or_unknown,Получить статус всех AI-сайтов для пользователя,object,to_verify,to_verify,must_not_return_mock
AI Assistant,ai_assistant_analyze_threat_api_ai_assistant_analyze_threat_post,/api/ai/assistant/analyze_threat,POST,optional_or_unknown,Ai Assistant Analyze Threat,AnalyzeThreatResponse,to_verify,to_verify,must_not_return_mock
AI Assistant,ai_assistant_capabilities_api_ai_assistant_capabilities_get,/api/ai/assistant/capabilities,GET,optional_or_unknown,Ai Assistant Capabilities,CapabilitiesResponse,to_verify,to_verify,must_not_return_mock
AI Assistant,ai_assistant_chat_api_ai_assistant_chat_post,/api/ai/assistant/chat,POST,required,Ai Assistant Chat,ChatMessageResponse,to_verify,to_verify,must_not_return_mock
AI Assistant,ai_assistant_feedback_api_ai_assistant_feedback_post,/api/ai/assistant/feedback,POST,optional_or_unknown,Ai Assistant Feedback,FeedbackResponse,to_verify,to_verify,must_not_return_mock
AI Assistant,ai_assistant_history_api_ai_assistant_history_get,/api/ai/assistant/history,GET,optional_or_unknown,Ai Assistant History,ChatHistoryResponse,to_verify,to_verify,must_not_return_mock
AI Assistant,ai_assistant_recommendations_api_ai_assistant_recommendations_get,/api/ai/assistant/recommendations,GET,optional_or_unknown,Ai Assistant Recommendations,RecommendationsResponse,to_verify,to_verify,must_not_return_mock
AI Assistant,ai_assistant_report_incident_api_ai_assistant_report_incident_post,/api/ai/assistant/report_incident,POST,optional_or_unknown,Ai Assistant Report Incident,ReportIncidentResponse,to_verify,to_verify,must_not_return_mock
AI Assistant,ai_assistant_security_tips_api_ai_assistant_security_tips_get,/api/ai/assistant/security_tips,GET,optional_or_unknown,Ai Assistant Security Tips,SecurityTipsResponse,to_verify,to_verify,must_not_return_mock
system-ai-compat,ai_chat_compat_api_ai_chat_get,/api/ai/chat,GET,required,Ai Chat Compat,object,to_verify,to_verify,must_not_return_mock
system-ai-compat,ai_message_compat_api_ai_message_get,/api/ai/message,GET,required,Ai Message Compat,object,to_verify,to_verify,must_not_return_mock
analytics,get_analytics_api_analytics_get,/api/analytics,GET,required,Get Analytics,AnalyticsResponse,to_verify,to_verify,must_not_return_mock
analytics,get_analytics_threats_api_analytics_threats_get,/api/analytics/threats,GET,required,Get Analytics Threats,ThreatsResponse,to_verify,to_verify,must_not_return_mock
analytics,get_analytics_top_threats_api_analytics_top_threats_get,/api/analytics/top-threats,GET,required,Get Analytics Top Threats,TopThreatsResponse,to_verify,to_verify,must_not_return_mock
anti-tracker,block_tracker_api_anti_tracker_block_post,/api/anti-tracker/block,POST,optional_or_unknown,Блокировка трекера,unknown,to_verify,to_verify,must_not_return_mock
anti-tracker,check_request_api_anti_tracker_check_post,/api/anti-tracker/check,POST,optional_or_unknown,Проверка URL на трекеры,unknown,to_verify,to_verify,must_not_return_mock
anti-tracker,health_check_api_anti_tracker_health_get,/api/anti-tracker/health,GET,optional_or_unknown,Health check,unknown,to_verify,to_verify,must_not_return_mock
anti-tracker,get_settings_api_anti_tracker_settings_get,/api/anti-tracker/settings,GET,optional_or_unknown,Получение настроек,unknown,to_verify,to_verify,must_not_return_mock
anti-tracker,update_settings_api_anti_tracker_settings_post,/api/anti-tracker/settings,POST,optional_or_unknown,Обновление настроек,unknown,to_verify,to_verify,must_not_return_mock
anti-tracker,get_statistics_api_anti_tracker_stats_get,/api/anti-tracker/stats,GET,optional_or_unknown,Статистика блокировок,unknown,to_verify,to_verify,must_not_return_mock
anti-tracker,get_block_status_api_anti_tracker_status_get,/api/anti-tracker/status,GET,optional_or_unknown,Статус блокировки домена,unknown,to_verify,to_verify,must_not_return_mock
anti-tracker,get_tracker_lists_api_anti_tracker_trackers_get,/api/anti-tracker/trackers,GET,optional_or_unknown,Список известных трекеров,unknown,to_verify,to_verify,must_not_return_mock
anti-tracker,unblock_tracker_api_anti_tracker_unblock_post,/api/anti-tracker/unblock,POST,optional_or_unknown,Разблокировка трекера,unknown,to_verify,to_verify,must_not_return_mock
auth,login_api_auth_login_post,/api/auth/login,POST,optional_or_unknown,Login,LoginResponse,to_verify,to_verify,must_not_return_mock
auth,login_by_recovery_code_api_auth_login_by_recovery_code_post,/api/auth/login-by-recovery-code,POST,optional_or_unknown,Login By Recovery Code,LoginResponse,to_verify,to_verify,must_not_return_mock
auth,logout_api_auth_logout_post,/api/auth/logout,POST,optional_or_unknown,Logout,unknown,to_verify,to_verify,must_not_return_mock
auth,refresh_token_api_auth_refresh_post,/api/auth/refresh,POST,optional_or_unknown,Refresh Token,RefreshTokenResponse,to_verify,to_verify,must_not_return_mock
auth,register_api_auth_register_post,/api/auth/register,POST,optional_or_unknown,Register,unknown,to_verify,to_verify,must_not_return_mock
subscription,register_device_api_auth_register_device_post,/api/auth/register-device,POST,optional_or_unknown,Register Device,JWTDeviceRegisterResponse,to_verify,to_verify,must_not_return_mock
subscription,register_device_with_trial_api_auth_register_device_trial_post,/api/auth/register-device-trial,POST,optional_or_unknown,Register Device With Trial,JWTDeviceRegisterResponse,to_verify,to_verify,must_not_return_mock
Other Functions,resolve_message_conflicts_api_chat_offline_messages_resolve_conflicts_post,/api/chat/offline-messages/resolve-conflicts,POST,optional_or_unknown,Resolve Message Conflicts,object,to_verify,to_verify,must_not_return_mock
Other Functions,send_offline_message_api_chat_offline_messages_send_post,/api/chat/offline-messages/send,POST,optional_or_unknown,Send Offline Message,OfflineMessageResponse,to_verify,to_verify,must_not_return_mock
Other Functions,sync_offline_messages_api_chat_offline_messages_sync_post,/api/chat/offline-messages/sync,POST,optional_or_unknown,Sync Offline Messages,SyncOfflineMessagesResponse,to_verify,to_verify,must_not_return_mock
components,get_batch_component_status_api_components_batch_status_post,/api/components/batch/status,POST,required,Get Batch Component Status,ComponentBatchStatusResponse,to_verify,to_verify,must_not_return_mock
components,components_bulk_update_compat_api_components_bulk_update_get,/api/components/bulk-update,GET,required,Components Bulk Update Compat,ComponentsCompatBoolResponse,to_verify,to_verify,must_not_return_mock
components,components_config_compat_api_components_config_get,/api/components/config,GET,required,Components Config Compat,object,to_verify,to_verify,must_not_return_mock
Components,update_component_config_api_components_config_update__component_id__post,/api/components/config/update/{component_id},POST,optional_or_unknown,Update Component Config,ComponentConfigResponse,to_verify,to_verify,must_not_return_mock
Components,get_component_config_api_components_config__component_id__get,/api/components/config/{component_id},GET,optional_or_unknown,Get Component Config,ComponentConfigResponse,to_verify,to_verify,must_not_return_mock
components,get_component_configuration_api_components_configuration__component_id__get,/api/components/configuration/{component_id},GET,required,Get Component Configuration,ComponentConfigurationResponse,to_verify,to_verify,must_not_return_mock
components,update_component_configuration_api_components_configuration__component_id__post,/api/components/configuration/{component_id},POST,required,Update Component Configuration,unknown,to_verify,to_verify,must_not_return_mock
Components,get_component_dependencies_api_components_dependencies__component_id__get,/api/components/dependencies/{component_id},GET,optional_or_unknown,Get Component Dependencies,ComponentDependenciesResponse,to_verify,to_verify,must_not_return_mock
components,disable_component_compat_api_components_disable_get,/api/components/disable,GET,required,Disable Component Compat,ComponentsCompatBoolResponse,to_verify,to_verify,must_not_return_mock
Components,disable_component_api_components_disable__component_id__post,/api/components/disable/{component_id},POST,optional_or_unknown,Disable Component,security__api__routers__components_router__ComponentStatusResponse,to_verify,to_verify,must_not_return_mock
components,enable_component_compat_api_components_enable_get,/api/components/enable,GET,required,Enable Component Compat,ComponentsCompatBoolResponse,to_verify,to_verify,must_not_return_mock
Components,enable_component_api_components_enable__component_id__post,/api/components/enable/{component_id},POST,optional_or_unknown,Enable Component,security__api__routers__components_router__ComponentStatusResponse,to_verify,to_verify,must_not_return_mock
Components,get_components_health_api_components_health_get,/api/components/health,GET,optional_or_unknown,Get Components Health,ComponentsHealthResponse,to_verify,to_verify,must_not_return_mock
Components,get_components_list_api_components_list_get,/api/components/list,GET,optional_or_unknown,Get Components List,ComponentListResponse,to_verify,to_verify,must_not_return_mock
Components,get_component_logs_api_components_logs__component_id__get,/api/components/logs/{component_id},GET,optional_or_unknown,Get Component Logs,ComponentLogsResponse,to_verify,to_verify,must_not_return_mock
Components,get_component_metrics_api_components_metrics__component_id__get,/api/components/metrics/{component_id},GET,optional_or_unknown,Get Component Metrics,ComponentMetricsResponse,to_verify,to_verify,must_not_return_mock
Components,restart_component_api_components_restart__component_id__post,/api/components/restart/{component_id},POST,optional_or_unknown,Restart Component,security__api__routers__components_router__ComponentStatusResponse,to_verify,to_verify,must_not_return_mock
components,get_components_status_compat_api_components_status_get,/api/components/status,GET,required,Get Components Status Compat,array,to_verify,to_verify,must_not_return_mock
Components,get_all_components_status_api_components_status_all_get,/api/components/status/all,GET,optional_or_unknown,Get All Components Status,ComponentListResponse,to_verify,to_verify,must_not_return_mock
Components,get_component_status_api_components_status__component_id__get,/api/components/status/{component_id},GET,optional_or_unknown,Get Component Status,security__api__routers__components_router__ComponentStatusResponse,to_verify,to_verify,must_not_return_mock
components,update_component_status_compat_api_components_status__component_id__post,/api/components/status/{component_id},POST,required,Update Component Status Compat,ComponentsCompatBoolResponse,to_verify,to_verify,must_not_return_mock
Components,test_component_api_components_test__component_id__post,/api/components/test/{component_id},POST,optional_or_unknown,Test Component,ComponentTestResponse,to_verify,to_verify,must_not_return_mock
Components,update_component_api_components_update__component_id__post,/api/components/update/{component_id},POST,optional_or_unknown,Update Component,security__api__routers__components_router__ComponentStatusResponse,to_verify,to_verify,must_not_return_mock
crash-detection-compat,crash_detection_alert_api_crash_detection_alert_get,/api/crash-detection/alert,GET,required,Crash Detection Alert,object,to_verify,to_verify,must_not_return_mock
Crash Detection,cancel_emergency_call_api_crash_detection_cancel_emergency_call_post,/api/crash-detection/cancel-emergency-call,POST,optional_or_unknown,Отмена вызова экстренной службы,unknown,to_verify,to_verify,must_not_return_mock
Crash Detection,process_sensor_data_api_crash_detection_data_post,/api/crash-detection/data,POST,optional_or_unknown,Отправка данных сенсоров,unknown,to_verify,to_verify,must_not_return_mock
Crash Detection,call_emergency_api_crash_detection_emergency_call_post,/api/crash-detection/emergency-call,POST,optional_or_unknown,Ручной вызов экстренной службы,unknown,to_verify,to_verify,must_not_return_mock
Crash Detection,health_check_api_crash_detection_health_get,/api/crash-detection/health,GET,optional_or_unknown,Health check,unknown,to_verify,to_verify,must_not_return_mock
Crash Detection,get_crash_history_api_crash_detection_history_get,/api/crash-detection/history,GET,optional_or_unknown,История аварий,unknown,to_verify,to_verify,must_not_return_mock
Crash Detection,get_crash_notifications_api_crash_detection_notifications_get,/api/crash-detection/notifications,GET,optional_or_unknown,Get Crash Notifications,array,to_verify,to_verify,must_not_return_mock
Crash Detection,send_crash_notification_api_crash_detection_notifications_send_post,/api/crash-detection/notifications/send,POST,optional_or_unknown,Send Crash Notification,CrashNotificationResponse,to_verify,to_verify,must_not_return_mock
Crash Detection,report_crash_api_crash_detection_report_post,/api/crash-detection/report,POST,optional_or_unknown,Report Crash,CrashReportResponse,to_verify,to_verify,must_not_return_mock
crash-detection-compat,crash_detection_settings_update_api_crash_detection_settings_update_get,/api/crash-detection/settings/update,GET,required,Crash Detection Settings Update,object,to_verify,to_verify,must_not_return_mock
crash-detection-compat,crash_detection_setup_api_crash_detection_setup_get,/api/crash-detection/setup,GET,required,Crash Detection Setup,object,to_verify,to_verify,must_not_return_mock
Crash Detection,start_monitoring_api_crash_detection_start_post,/api/crash-detection/start,POST,optional_or_unknown,Запуск мониторинга аварий,unknown,to_verify,to_verify,must_not_return_mock
Crash Detection,get_status_api_crash_detection_status_get,/api/crash-detection/status,GET,optional_or_unknown,Статус мониторинга,unknown,to_verify,to_verify,must_not_return_mock
Crash Detection,stop_monitoring_api_crash_detection_stop_post,/api/crash-detection/stop,POST,optional_or_unknown,Остановка мониторинга аварий,unknown,to_verify,to_verify,must_not_return_mock
Crash Detection,sync_crash_detection_api_crash_detection_sync_post,/api/crash-detection/sync,POST,optional_or_unknown,Sync Crash Detection,SyncCrashDetectionResponse,to_verify,to_verify,must_not_return_mock
Dark Web Monitoring,get_breaches_api_darkweb_breaches_get,/api/darkweb/breaches,GET,optional_or_unknown,Получение всех утечек,BreachesResponse,to_verify,to_verify,must_not_return_mock
Dark Web Monitoring,check_email_breach_api_darkweb_check_post,/api/darkweb/check,POST,optional_or_unknown,Проверка email на утечки,CheckEmailResponse,to_verify,to_verify,must_not_return_mock
Dark Web Monitoring,health_check_api_darkweb_health_get,/api/darkweb/health,GET,optional_or_unknown,Health check,security__api__routers__dark_web_monitoring_router__HealthResponse,to_verify,to_verify,must_not_return_mock
Dark Web Monitoring,start_monitoring_api_darkweb_start_monitoring_post,/api/darkweb/start-monitoring,POST,optional_or_unknown,Запуск мониторинга,StartMonitoringResponse,to_verify,to_verify,must_not_return_mock
Dark Web Monitoring,get_monitoring_status_api_darkweb_status_get,/api/darkweb/status,GET,optional_or_unknown,Статус мониторинга,security__api__routers__dark_web_monitoring_router__MonitoringStatusResponse,to_verify,to_verify,must_not_return_mock
Dark Web Monitoring,stop_monitoring_api_darkweb_stop_monitoring_post,/api/darkweb/stop-monitoring,POST,optional_or_unknown,Остановка мониторинга,StopMonitoringResponse,to_verify,to_verify,must_not_return_mock
Data Cleanup,health_check_api_data_cleanup_health_get,/api/data-cleanup/health,GET,optional_or_unknown,Проверка работоспособности агента,object,to_verify,to_verify,must_not_return_mock
Data Cleanup,trigger_periodic_scan_api_data_cleanup_periodic_scan_post,/api/data-cleanup/periodic-scan,POST,optional_or_unknown,Запустить периодический поиск (если нужно),object,to_verify,to_verify,must_not_return_mock
Data Cleanup,get_user_preferences_api_data_cleanup_preferences_get,/api/data-cleanup/preferences,GET,optional_or_unknown,Получить настройки пользователя,object,to_verify,to_verify,must_not_return_mock
Data Cleanup,update_user_preferences_api_data_cleanup_preferences_post,/api/data-cleanup/preferences,POST,optional_or_unknown,Обновить настройки пользователя,object,to_verify,to_verify,must_not_return_mock
Data Cleanup,remove_data_from_sites_api_data_cleanup_remove_post,/api/data-cleanup/remove,POST,optional_or_unknown,Отправить запросы на удаление данных,object,to_verify,to_verify,must_not_return_mock
Data Cleanup,get_cleanup_report_api_data_cleanup_report_get,/api/data-cleanup/report,GET,optional_or_unknown,Получить отчет о процессе очистки,object,to_verify,to_verify,must_not_return_mock
Data Cleanup,scan_broker_sites_api_data_cleanup_scan_post,/api/data-cleanup/scan,POST,optional_or_unknown,Сканировать брокерские сайты на наличие данных,object,to_verify,to_verify,must_not_return_mock
Data Cleanup,get_scan_status_api_data_cleanup_scan_status_get,/api/data-cleanup/scan-status,GET,optional_or_unknown,Получить статус последнего поиска,object,to_verify,to_verify,must_not_return_mock
Data Cleanup,get_removal_status_api_data_cleanup_status_get,/api/data-cleanup/status,GET,optional_or_unknown,Получить статус удаления данных,object,to_verify,to_verify,must_not_return_mock
misc-other-compat,devices_list_api_devices_get,/api/devices,GET,required,Devices List,array,to_verify,to_verify,must_not_return_mock
driving-reports,record_event_api_driving_reports_event_post,/api/driving-reports/event,POST,optional_or_unknown,Запись события вождения,unknown,to_verify,to_verify,must_not_return_mock
driving-reports,generate_report_api_driving_reports_generate_post,/api/driving-reports/generate,POST,optional_or_unknown,Генерация отчета о вождении,unknown,to_verify,to_verify,must_not_return_mock
driving-reports,health_check_api_driving_reports_health_get,/api/driving-reports/health,GET,optional_or_unknown,Health check,unknown,to_verify,to_verify,must_not_return_mock
driving-reports,get_monthly_report_api_driving_reports_monthly__user_id__get,/api/driving-reports/monthly/{user_id},GET,optional_or_unknown,Месячный отчет,unknown,to_verify,to_verify,must_not_return_mock
driving-reports,get_recommendations_api_driving_reports_recommendations__user_id__get,/api/driving-reports/recommendations/{user_id},GET,optional_or_unknown,Рекомендации по улучшению,unknown,to_verify,to_verify,must_not_return_mock
driving-reports,get_report_api_driving_reports_report__report_id__get,/api/driving-reports/report/{report_id},GET,optional_or_unknown,Получение отчета по ID,unknown,to_verify,to_verify,must_not_return_mock
driving-reports,get_safety_score_api_driving_reports_safety_score__user_id__get,/api/driving-reports/safety-score/{user_id},GET,optional_or_unknown,Оценка безопасности вождения,unknown,to_verify,to_verify,must_not_return_mock
driving-reports,start_monitoring_api_driving_reports_start_post,/api/driving-reports/start,POST,optional_or_unknown,Запуск мониторинга вождения,unknown,to_verify,to_verify,must_not_return_mock
driving-reports,stop_monitoring_api_driving_reports_stop_post,/api/driving-reports/stop,POST,optional_or_unknown,Остановка мониторинга вождения,unknown,to_verify,to_verify,must_not_return_mock
driving-reports,get_violations_statistics_api_driving_reports_violations__user_id__get,/api/driving-reports/violations/{user_id},GET,optional_or_unknown,Статистика нарушений,unknown,to_verify,to_verify,must_not_return_mock
driving-reports,get_weekly_report_api_driving_reports_weekly__user_id__get,/api/driving-reports/weekly/{user_id},GET,optional_or_unknown,Недельный отчет,unknown,to_verify,to_verify,must_not_return_mock
Elderly Interface,sync_appointments_api_elderly_appointments_sync_post,/api/elderly/appointments/sync,POST,optional_or_unknown,Sync Appointments,SyncAppointmentsResponse,to_verify,to_verify,must_not_return_mock
Elderly Interface,update_appointment_api_elderly_appointments_update_post,/api/elderly/appointments/update,POST,optional_or_unknown,Update Appointment,AppointmentResponse,to_verify,to_verify,must_not_return_mock
Elderly Interface,sync_medications_api_elderly_medications_sync_post,/api/elderly/medications/sync,POST,optional_or_unknown,Sync Medications,SyncMedicationsResponse,to_verify,to_verify,must_not_return_mock
Elderly Interface,update_medication_api_elderly_medications_update_post,/api/elderly/medications/update,POST,optional_or_unknown,Update Medication,MedicationResponse,to_verify,to_verify,must_not_return_mock
family,add_family_member_compat_api_family_add_get,/api/family/add,GET,required,Add Family Member Compat,FamilyCompatBoolResponse,to_verify,to_verify,must_not_return_mock
family,family_chat_messages_compat_api_family_chat_messages_get,/api/family/chat/messages,GET,required,Family Chat Messages Compat,array,to_verify,to_verify,must_not_return_mock
family,family_chat_send_compat_api_family_chat_send_get,/api/family/chat/send,GET,required,Family Chat Send Compat,FamilyCompatBoolResponse,to_verify,to_verify,must_not_return_mock
family,create_family_endpoint_api_family_create_post,/api/family/create,POST,required,Create Family Endpoint,CreateFamilyResponse,to_verify,to_verify,must_not_return_mock
family,join_family_compat_api_family_join_get,/api/family/join,GET,required,Join Family Compat,FamilyCompatBoolResponse,to_verify,to_verify,must_not_return_mock
family,get_family_member_compat_api_family_member_get,/api/family/member,GET,required,Get Family Member Compat,FamilyCompatBoolResponse,to_verify,to_verify,must_not_return_mock
family,get_family_members_compat_api_family_members_get,/api/family/members,GET,required,Get Family Members Compat,array,to_verify,to_verify,must_not_return_mock
family,recover_family_compat_api_family_recover_get,/api/family/recover,GET,required,Recover Family Compat,FamilyCompatBoolResponse,to_verify,to_verify,must_not_return_mock
family,remove_family_member_api_family_remove_delete,/api/family/remove,DELETE,required,Remove Family Member,FamilyMemberResponse,to_verify,to_verify,must_not_return_mock
family,remove_family_member_compat_api_family_remove_get,/api/family/remove,GET,required,Remove Family Member Compat,FamilyCompatBoolResponse,to_verify,to_verify,must_not_return_mock
family,get_family_stats_api_family_stats_get,/api/family/stats,GET,required,Get Family Stats,FamilyStatsResponse,to_verify,to_verify,must_not_return_mock
Gamification,get_gamification_achievements_api_gamification_achievements_get,/api/gamification/achievements,GET,required,Get Gamification Achievements,array,to_verify,to_verify,must_not_return_mock
Gamification,claim_gamification_achievement_api_gamification_achievements_claim_get,/api/gamification/achievements/claim,GET,required,Claim Gamification Achievement,GamificationBoolResponse,to_verify,to_verify,must_not_return_mock
Gamification,get_gamification_achievements_progress_api_gamification_achievements_progress_get,/api/gamification/achievements/progress,GET,required,Get Gamification Achievements Progress,AchievementProgressResponse,to_verify,to_verify,must_not_return_mock
Gamification,unlock_gamification_achievement_api_gamification_achievements_unlock_get,/api/gamification/achievements/unlock,GET,required,Unlock Gamification Achievement,GamificationBoolResponse,to_verify,to_verify,must_not_return_mock
Gamification,get_gamification_balance_current_api_gamification_balance_get,/api/gamification/balance,GET,optional_or_unknown,Get Gamification Balance Current,GamificationBalanceResponse,to_verify,to_verify,must_not_return_mock
Gamification,get_gamification_balance_api_gamification_balance__userId__get,/api/gamification/balance/{userId},GET,optional_or_unknown,Get Gamification Balance,GamificationBalanceResponse,to_verify,to_verify,must_not_return_mock
Gamification,get_gamification_progress_api_gamification_progress_get,/api/gamification/progress,GET,required,Get Gamification Progress,GamificationProgressResponse,to_verify,to_verify,must_not_return_mock
Gamification,get_gamification_progress_level_api_gamification_progress_level_get,/api/gamification/progress/level,GET,required,Get Gamification Progress Level,GamificationLevelResponse,to_verify,to_verify,must_not_return_mock
Gamification,reset_gamification_progress_api_gamification_progress_reset_get,/api/gamification/progress/reset,GET,required,Reset Gamification Progress,GamificationBoolResponse,to_verify,to_verify,must_not_return_mock
Gamification,get_gamification_progress_stats_api_gamification_progress_stats_get,/api/gamification/progress/stats,GET,required,Get Gamification Progress Stats,GamificationProgressResponse,to_verify,to_verify,must_not_return_mock
Gamification,update_gamification_progress_api_gamification_progress_update_get,/api/gamification/progress/update,GET,required,Update Gamification Progress,GamificationBoolResponse,to_verify,to_verify,must_not_return_mock
Gamification,get_gamification_rewards_api_gamification_rewards_get,/api/gamification/rewards,GET,required,Get Gamification Rewards,array,to_verify,to_verify,must_not_return_mock
Gamification,claim_gamification_reward_api_gamification_rewards_claim_get,/api/gamification/rewards/claim,GET,required,Claim Gamification Reward,GamificationBoolResponse,to_verify,to_verify,must_not_return_mock
Gamification,give_gamification_reward_api_gamification_rewards_give_get,/api/gamification/rewards/give,GET,required,Give Gamification Reward,GamificationBoolResponse,to_verify,to_verify,must_not_return_mock
Gamification,get_gamification_rewards_history_api_gamification_rewards_history_get,/api/gamification/rewards/history,GET,required,Get Gamification Rewards History,array,to_verify,to_verify,must_not_return_mock
Gamification,purchase_gamification_reward_api_gamification_rewards_purchase_get,/api/gamification/rewards/purchase,GET,required,Purchase Gamification Reward,GamificationBoolResponse,to_verify,to_verify,must_not_return_mock
Gamification,get_gamification_rewards_shop_api_gamification_rewards_shop_get,/api/gamification/rewards/shop,GET,required,Get Gamification Rewards Shop,array,to_verify,to_verify,must_not_return_mock
Gamification,get_gamification_settings_api_gamification_settings_get,/api/gamification/settings,GET,required,Get Gamification Settings,GamificationSettingsResponse,to_verify,to_verify,must_not_return_mock
Gamification,get_gamification_notifications_settings_api_gamification_settings_notifications_get,/api/gamification/settings/notifications,GET,required,Get Gamification Notifications Settings,GamificationBoolResponse,to_verify,to_verify,must_not_return_mock
Gamification,update_gamification_notifications_settings_api_gamification_settings_notifications_update_get,/api/gamification/settings/notifications/update,GET,required,Update Gamification Notifications Settings,GamificationBoolResponse,to_verify,to_verify,must_not_return_mock
Gamification,update_gamification_settings_api_gamification_settings_update_get,/api/gamification/settings/update,GET,required,Update Gamification Settings,GamificationBoolResponse,to_verify,to_verify,must_not_return_mock
Gamification,get_gamification_tournaments_api_gamification_tournaments_get,/api/gamification/tournaments,GET,required,Get Gamification Tournaments,array,to_verify,to_verify,must_not_return_mock
Gamification,get_gamification_tournaments_history_api_gamification_tournaments_history_get,/api/gamification/tournaments/history,GET,required,Get Gamification Tournaments History,array,to_verify,to_verify,must_not_return_mock
Gamification,join_gamification_tournament_api_gamification_tournaments_join_get,/api/gamification/tournaments/join,GET,required,Join Gamification Tournament,GamificationBoolResponse,to_verify,to_verify,must_not_return_mock
Gamification,get_gamification_tournaments_leaderboard_api_gamification_tournaments_leaderboard_get,/api/gamification/tournaments/leaderboard,GET,required,Get Gamification Tournaments Leaderboard,array,to_verify,to_verify,must_not_return_mock
Gamification,leave_gamification_tournament_api_gamification_tournaments_leave_get,/api/gamification/tournaments/leave,GET,required,Leave Gamification Tournament,GamificationBoolResponse,to_verify,to_verify,must_not_return_mock
other,health_api_health_get,/api/health,GET,optional_or_unknown,Health,unknown,to_verify,to_verify,must_not_return_mock
Identity Theft Protection,get_alerts_api_identity_theft_alerts_get,/api/identity-theft/alerts,GET,optional_or_unknown,Получение алертов,AlertsResponse,to_verify,to_verify,must_not_return_mock
Identity Theft Protection,check_fraud_database_api_identity_theft_check_post,/api/identity-theft/check,POST,optional_or_unknown,Проверка в базе мошенников,CheckFraudDatabaseResponse,to_verify,to_verify,must_not_return_mock
Identity Theft Protection,give_consent_api_identity_theft_consent_post,/api/identity-theft/consent,POST,optional_or_unknown,Предоставление согласия,ConsentResponse,to_verify,to_verify,must_not_return_mock
Identity Theft Protection,get_credit_freeze_instructions_api_identity_theft_credit_freeze_instructions_get,/api/identity-theft/credit-freeze-instructions,GET,optional_or_unknown,Инструкции по заморозке кредитной истории,CreditFreezeInstructionsResponse,to_verify,to_verify,must_not_return_mock
Identity Theft Protection,detect_identity_theft_api_identity_theft_detect_post,/api/identity-theft/detect,POST,optional_or_unknown,Обнаружение кражи личности,DetectIdentityTheftResponse,to_verify,to_verify,must_not_return_mock
Identity Theft Protection,health_check_api_identity_theft_health_get,/api/identity-theft/health,GET,optional_or_unknown,Health check,security__api__routers__identity_theft_protection_router__HealthResponse,to_verify,to_verify,must_not_return_mock
Identity Theft Protection,monitor_credit_api_identity_theft_monitor_credit_post,/api/identity-theft/monitor-credit,POST,optional_or_unknown,Мониторинг кредитного отчета,MonitorCreditResponse,to_verify,to_verify,must_not_return_mock
Identity Theft Protection,monitor_snils_api_identity_theft_monitor_snils_post,/api/identity-theft/monitor-snils,POST,optional_or_unknown,Мониторинг СНИЛС,MonitorSNILSResponse,to_verify,to_verify,must_not_return_mock
Identity Theft Protection,revoke_consent_api_identity_theft_revoke_consent_post,/api/identity-theft/revoke-consent,POST,optional_or_unknown,Отзыв согласия,RevokeConsentResponse,to_verify,to_verify,must_not_return_mock
Identity Theft Protection,get_monitoring_status_api_identity_theft_status_get,/api/identity-theft/status,GET,optional_or_unknown,Статус мониторинга,security__api__routers__identity_theft_protection_router__MonitoringStatusResponse,to_verify,to_verify,must_not_return_mock
Identity Theft Protection,stop_monitoring_api_identity_theft_stop_monitoring_post,/api/identity-theft/stop-monitoring,POST,optional_or_unknown,Остановка мониторинга,StopMonitoringResponse,to_verify,to_verify,must_not_return_mock
IoT,block_iot_device_api_iot_device__deviceId__block_post,/api/iot/device/{deviceId}/block,POST,optional_or_unknown,Block Iot Device,object,to_verify,to_verify,must_not_return_mock
IoT,get_iot_devices_api_iot_devices__homeId__get,/api/iot/devices/{homeId},GET,optional_or_unknown,Get Iot Devices,IoTDevicesResponse,to_verify,to_verify,must_not_return_mock
IoT,fix_iot_threat_api_iot_fix__threatId__post,/api/iot/fix/{threatId},POST,optional_or_unknown,Fix Iot Threat,object,to_verify,to_verify,must_not_return_mock
IoT,start_iot_scan_api_iot_scan__homeId__post,/api/iot/scan/{homeId},POST,optional_or_unknown,Start Iot Scan,IoTScanResponse,to_verify,to_verify,must_not_return_mock
IoT,get_iot_status_api_iot_status__homeId__get,/api/iot/status/{homeId},GET,optional_or_unknown,Get Iot Status,IoTStatusResponse,to_verify,to_verify,must_not_return_mock
IoT,get_iot_threats_api_iot_threats__homeId__get,/api/iot/threats/{homeId},GET,optional_or_unknown,Get Iot Threats,IoTThreatsResponse,to_verify,to_verify,must_not_return_mock
Location Bubble,get_bubble_location_api_location_bubble_post,/api/location/bubble,POST,optional_or_unknown,Генерировать приблизительное местоположение (пузырь),object,to_verify,to_verify,must_not_return_mock
Location Bubble,health_check_api_location_bubble_health_get,/api/location/bubble/health,GET,optional_or_unknown,Health check,object,to_verify,to_verify,must_not_return_mock
Location Bubble,get_generation_history_api_location_bubble_history_get,/api/location/bubble/history,GET,optional_or_unknown,Получить историю генераций пузырей,object,to_verify,to_verify,must_not_return_mock
Location Bubble,get_person_settings_api_location_bubble_settings_get,/api/location/bubble/settings,GET,optional_or_unknown,Получить настройки пузыря для человека,object,to_verify,to_verify,must_not_return_mock
Location Bubble,set_person_settings_api_location_bubble_settings_post,/api/location/bubble/settings,POST,optional_or_unknown,Установить настройки пузыря для человека,object,to_verify,to_verify,must_not_return_mock
Location Bubble,get_all_person_settings_api_location_bubble_settings_all_get,/api/location/bubble/settings/all,GET,optional_or_unknown,Получить все настройки пузырей для пользователя,object,to_verify,to_verify,must_not_return_mock
misc-other-compat,location_geofences_api_location_geofences_get,/api/location/geofences,GET,required,Location Geofences,array,to_verify,to_verify,must_not_return_mock
Other Functions,sync_location_geofences_api_location_geofences_sync_post,/api/location/geofences/sync,POST,optional_or_unknown,Sync Location Geofences,SyncLocationGeofencesResponse,to_verify,to_verify,must_not_return_mock
Other Functions,update_location_geofence_api_location_geofences_update_post,/api/location/geofences/update,POST,optional_or_unknown,Update Location Geofence,LocationGeofenceResponse,to_verify,to_verify,must_not_return_mock
Other Functions,delete_location_geofence_api_location_geofences__geofenceId__delete,/api/location/geofences/{geofenceId},DELETE,optional_or_unknown,Delete Location Geofence,object,to_verify,to_verify,must_not_return_mock
Other Functions,get_movement_history_api_location_movement_history_get,/api/location/movement-history,GET,optional_or_unknown,Get Movement History,MovementHistoryResponse,to_verify,to_verify,must_not_return_mock
Other Functions,update_movement_history_api_location_movement_history_update_post,/api/location/movement-history/update,POST,optional_or_unknown,Update Movement History,object,to_verify,to_verify,must_not_return_mock
Other Functions,get_location_status_api_location_status_get,/api/location/status,GET,optional_or_unknown,Get Location Status,LocationStatusResponse,to_verify,to_verify,must_not_return_mock
Other Functions,update_location_status_api_location_status_update_post,/api/location/status/update,POST,optional_or_unknown,Update Location Status,LocationStatusResponse,to_verify,to_verify,must_not_return_mock
misc-other-compat,malware_quarantine_action_api_malware_quarantine_action_get,/api/malware/quarantine/action,GET,required,Malware Quarantine Action,object,to_verify,to_verify,must_not_return_mock
misc-other-compat,malware_threats_api_malware_threats_get,/api/malware/threats,GET,required,Malware Threats,array,to_verify,to_verify,must_not_return_mock
Metrics,upload_metrics_api_metrics_upload_post,/api/metrics/upload,POST,optional_or_unknown,Upload Metrics,MetricsUploadResponse,to_verify,to_verify,must_not_return_mock
network-protection-compat,network_protection_config_api_network_protection_config_get,/api/network-protection/config,GET,required,Network Protection Config,object,to_verify,to_verify,must_not_return_mock
network-protection-compat,network_protection_connect_api_network_protection_connect_get,/api/network-protection/connect,GET,required,Network Protection Connect,object,to_verify,to_verify,must_not_return_mock
network-protection-compat,network_protection_disconnect_api_network_protection_disconnect_get,/api/network-protection/disconnect,GET,required,Network Protection Disconnect,object,to_verify,to_verify,must_not_return_mock
network-protection-compat,network_protection_servers_api_network_protection_servers_get,/api/network-protection/servers,GET,required,Network Protection Servers,array,to_verify,to_verify,must_not_return_mock
network-protection-compat,network_protection_settings_api_network_protection_settings_get,/api/network-protection/settings,GET,required,Network Protection Settings,object,to_verify,to_verify,must_not_return_mock
network-protection-compat,patch_network_protection_settings_api_network_protection_settings_patch,/api/network-protection/settings,PATCH,required,Patch Network Protection Settings,object,to_verify,to_verify,must_not_return_mock
network-protection-compat,network_protection_stats_api_network_protection_stats_get,/api/network-protection/stats,GET,required,Network Protection Stats,object,to_verify,to_verify,must_not_return_mock
network-protection-compat,network_protection_status_api_network_protection_status_get,/api/network-protection/status,GET,required,Network Protection Status,object,to_verify,to_verify,must_not_return_mock
Notifications,list_notifications_api_notifications_get,/api/notifications,GET,optional_or_unknown,List Notifications,NotificationListResponse,to_verify,to_verify,must_not_return_mock
notifications-compat,notifications_archive_api_notifications_archive_get,/api/notifications/archive,GET,required,Notifications Archive,object,to_verify,to_verify,must_not_return_mock
notifications-compat,notifications_bulk_mark_read_api_notifications_bulk_mark_read_get,/api/notifications/bulk-mark-read,GET,required,Notifications Bulk Mark Read,object,to_verify,to_verify,must_not_return_mock
notifications-compat,notifications_categories_api_notifications_categories_get,/api/notifications/categories,GET,required,Notifications Categories,array,to_verify,to_verify,must_not_return_mock
Notifications,mark_notification_read_api_notifications_read_post,/api/notifications/read,POST,optional_or_unknown,Mark Notification Read,MarkReadResponse,to_verify,to_verify,must_not_return_mock
notifications-compat,notifications_stats_api_notifications_stats_get,/api/notifications/stats,GET,required,Notifications Stats,object,to_verify,to_verify,must_not_return_mock
Offline Storage,get_offline_data_api_offline_storage_data_get,/api/offline-storage/data,GET,optional_or_unknown,Get Offline Data,array,to_verify,to_verify,must_not_return_mock
Offline Storage,update_offline_data_api_offline_storage_data_update_post,/api/offline-storage/data/update,POST,optional_or_unknown,Update Offline Data,OfflineDataResponse,to_verify,to_verify,must_not_return_mock
Offline Storage,delete_offline_data_api_offline_storage_data__dataId__delete,/api/offline-storage/data/{dataId},DELETE,optional_or_unknown,Delete Offline Data,object,to_verify,to_verify,must_not_return_mock
Offline Storage,resolve_offline_storage_conflicts_api_offline_storage_resolve_conflicts_post,/api/offline-storage/resolve-conflicts,POST,optional_or_unknown,Resolve Offline Storage Conflicts,object,to_verify,to_verify,must_not_return_mock
Offline Storage,sync_offline_storage_api_offline_storage_sync_post,/api/offline-storage/sync,POST,optional_or_unknown,Sync Offline Storage,SyncOfflineStorageResponse,to_verify,to_verify,must_not_return_mock
Parental Control,get_parental_app_blocks_api_parental_control_app_blocks_get,/api/parental-control/app-blocks,GET,required,Get Parental App Blocks,array,to_verify,to_verify,must_not_return_mock
Parental Control,sync_app_blocks_api_parental_control_app_blocks_sync_post,/api/parental-control/app-blocks/sync,POST,optional_or_unknown,Sync App Blocks,SyncAppBlocksResponse,to_verify,to_verify,must_not_return_mock
Parental Control,update_app_blocks_api_parental_control_app_blocks_update_post,/api/parental-control/app-blocks/update,POST,optional_or_unknown,Update App Blocks,AppBlockResponse,to_verify,to_verify,must_not_return_mock
Parental Control,get_app_blocks_api_parental_control_app_blocks__childId__get,/api/parental-control/app-blocks/{childId},GET,optional_or_unknown,Get App Blocks,AppBlockResponse,to_verify,to_verify,must_not_return_mock
Parental Control,get_dns_config_api_parental_control_dns_config_get,/api/parental-control/dns-config,GET,required,Get Dns Config,DNSConfigResponse,to_verify,to_verify,must_not_return_mock
Parental Control,get_parental_geofences_api_parental_control_geofences_get,/api/parental-control/geofences,GET,required,Get Parental Geofences,array,to_verify,to_verify,must_not_return_mock
Parental Control,add_geofence_api_parental_control_geofences_add_post,/api/parental-control/geofences/add,POST,optional_or_unknown,Add Geofence,GeofenceResponse,to_verify,to_verify,must_not_return_mock
Parental Control,update_geofence_api_parental_control_geofences_update_post,/api/parental-control/geofences/update,POST,optional_or_unknown,Update Geofence,GeofenceResponse,to_verify,to_verify,must_not_return_mock
Parental Control,get_geofences_api_parental_control_geofences__childId__get,/api/parental-control/geofences/{childId},GET,optional_or_unknown,Get Geofences,array,to_verify,to_verify,must_not_return_mock
Parental Control,delete_geofence_api_parental_control_geofences__geofenceId__delete,/api/parental-control/geofences/{geofenceId},DELETE,optional_or_unknown,Delete Geofence,object,to_verify,to_verify,must_not_return_mock
Parental Control,report_location_api_parental_control_location_report_post,/api/parental-control/location/report,POST,required,Report Location,unknown,to_verify,to_verify,must_not_return_mock
Parental Control,get_daily_reports_api_parental_control_reports_daily_get,/api/parental-control/reports/daily,GET,required,Get Daily Reports,array,to_verify,to_verify,must_not_return_mock
Parental Control,get_weekly_reports_api_parental_control_reports_weekly_get,/api/parental-control/reports/weekly,GET,required,Get Weekly Reports,array,to_verify,to_verify,must_not_return_mock
Parental Control,get_parental_schedules_api_parental_control_schedules_get,/api/parental-control/schedules,GET,required,Get Parental Schedules,array,to_verify,to_verify,must_not_return_mock
Parental Control,delete_schedule_api_parental_control_schedules_delete_post,/api/parental-control/schedules/delete,POST,optional_or_unknown,Delete Schedule,object,to_verify,to_verify,must_not_return_mock
Parental Control,get_schedules_history_api_parental_control_schedules_history_get,/api/parental-control/schedules/history,GET,optional_or_unknown,Get Schedules History,ScheduleHistoryResponse,to_verify,to_verify,must_not_return_mock
Parental Control,update_schedule_api_parental_control_schedules_update_post,/api/parental-control/schedules/update,POST,optional_or_unknown,Update Schedule,ScheduleResponse,to_verify,to_verify,must_not_return_mock
Parental Control,get_schedules_api_parental_control_schedules__childId__get,/api/parental-control/schedules/{childId},GET,optional_or_unknown,Get Schedules,array,to_verify,to_verify,must_not_return_mock
Parental Control,get_parental_settings_api_parental_control_settings_get,/api/parental-control/settings,GET,required,Get Parental Settings,object,to_verify,to_verify,must_not_return_mock
Parental Control,get_parental_control_settings_conflicts_api_parental_control_settings_conflicts_get,/api/parental-control/settings/conflicts,GET,optional_or_unknown,Get Parental Control Settings Conflicts,SettingsConflictsResponse,to_verify,to_verify,must_not_return_mock
Parental Control,get_parental_control_settings_history_api_parental_control_settings_history_get,/api/parental-control/settings/history,GET,optional_or_unknown,Get Parental Control Settings History,SettingsHistoryResponse,to_verify,to_verify,must_not_return_mock
Parental Control,sync_parental_control_settings_api_parental_control_settings_sync_post,/api/parental-control/settings/sync,POST,optional_or_unknown,Sync Parental Control Settings,SyncParentalControlSettingsResponse,to_verify,to_verify,must_not_return_mock
Parental Control,update_parental_control_settings_api_parental_control_settings_update_post,/api/parental-control/settings/update,POST,optional_or_unknown,Update Parental Control Settings,ParentalControlSettingsResponse,to_verify,to_verify,must_not_return_mock
Parental Control,get_parental_control_settings_api_parental_control_settings__familyId__get,/api/parental-control/settings/{familyId},GET,optional_or_unknown,Get Parental Control Settings,ParentalControlSettingsResponse,to_verify,to_verify,must_not_return_mock
Parental Control,get_parental_control_stats_api_parental_control_stats_get,/api/parental-control/stats,GET,required,Get Parental Control Stats,ParentalControlStatsResponse,to_verify,to_verify,must_not_return_mock
Parental Control,get_parental_manager_status_api_parental_control_status_get,/api/parental-control/status,GET,optional_or_unknown,Get Parental Manager Status,unknown,to_verify,to_verify,must_not_return_mock
Parental Control,get_parental_time_limits_api_parental_control_time_limits_get,/api/parental-control/time-limits,GET,required,Get Parental Time Limits,array,to_verify,to_verify,must_not_return_mock
Parental Control,get_time_limits_history_api_parental_control_time_limits_history_get,/api/parental-control/time-limits/history,GET,optional_or_unknown,Get Time Limits History,TimeLimitHistoryResponse,to_verify,to_verify,must_not_return_mock
Parental Control,reset_time_limits_api_parental_control_time_limits_reset_post,/api/parental-control/time-limits/reset,POST,optional_or_unknown,Reset Time Limits,TimeLimitResponse,to_verify,to_verify,must_not_return_mock
Parental Control,update_time_limits_api_parental_control_time_limits_update_post,/api/parental-control/time-limits/update,POST,optional_or_unknown,Update Time Limits,TimeLimitResponse,to_verify,to_verify,must_not_return_mock
Parental Control,get_time_limits_api_parental_control_time_limits__childId__get,/api/parental-control/time-limits/{childId},GET,optional_or_unknown,Get Time Limits,TimeLimitResponse,to_verify,to_verify,must_not_return_mock
parental-compat,parental_block_api_parental_block_get,/api/parental/block,GET,required,Parental Block,object,to_verify,to_verify,must_not_return_mock
Parental Control Bypass,apply_bypass_protection_api_parental_bypass_apply_post,/api/parental/bypass/apply,POST,required,Apply Bypass Protection,ApiBoolResponse,to_verify,to_verify,must_not_return_mock
Parental Control Bypass,get_bypass_stats_api_parental_bypass_stats_get,/api/parental/bypass/stats,GET,required,Get Bypass Stats,BypassStatsResponse,to_verify,to_verify,must_not_return_mock
Parental Control Bypass,get_bypass_manager_status_api_parental_bypass_status_get,/api/parental/bypass/status,GET,optional_or_unknown,Get Bypass Manager Status,unknown,to_verify,to_verify,must_not_return_mock
parental-compat,parental_control_api_parental_control_get,/api/parental/control,GET,required,Parental Control,object,to_verify,to_verify,must_not_return_mock
parental-compat,parental_limits_api_parental_limits_get,/api/parental/limits,GET,required,Parental Limits,object,to_verify,to_verify,must_not_return_mock
payments,confirm_payment_api_payments_confirm_post,/api/payments/confirm,POST,optional_or_unknown,Confirm Payment,unknown,to_verify,to_verify,must_not_return_mock
payments,create_payment_api_payments_create_post,/api/payments/create,POST,optional_or_unknown,Create Payment,unknown,to_verify,to_verify,must_not_return_mock
payments,create_payment_qr_api_payments_qr_create_post,/api/payments/qr/create,POST,optional_or_unknown,Create Payment Qr,unknown,to_verify,to_verify,must_not_return_mock
misc-other-compat,payments_qr_status_test_api_payments_qr_status_test_get,/api/payments/qr/status/test,GET,required,Payments Qr Status Test,object,to_verify,to_verify,must_not_return_mock
payments,recover_payment_code_api_payments_recover_post,/api/payments/recover,POST,optional_or_unknown,Recover Payment Code,unknown,to_verify,to_verify,must_not_return_mock
payments,check_payment_status_api_payments_status__payment_id__get,/api/payments/status/{payment_id},GET,optional_or_unknown,Check Payment Status,unknown,to_verify,to_verify,must_not_return_mock
protection,disable_protection_category_api_protection_disable_post,/api/protection/disable,POST,required,Disable Protection Category,APIResponse,to_verify,to_verify,must_not_return_mock
protection,enable_protection_category_api_protection_enable_post,/api/protection/enable,POST,required,Enable Protection Category,APIResponse,to_verify,to_verify,must_not_return_mock
misc-other-compat,protection_quarantine_action_api_protection_quarantine_action_get,/api/protection/quarantine/action,GET,required,Protection Quarantine Action,object,to_verify,to_verify,must_not_return_mock
protection,get_protection_settings_api_protection_settings_get,/api/protection/settings,GET,required,Get Protection Settings,ProtectionSettingsResponse,to_verify,to_verify,must_not_return_mock
protection,update_protection_settings_api_protection_settings_post,/api/protection/settings,POST,required,Update Protection Settings,APIResponse,to_verify,to_verify,must_not_return_mock
protection,get_protection_stats_api_protection_stats_get,/api/protection/stats,GET,required,Get Protection Stats,ProtectionStatsResponse,to_verify,to_verify,must_not_return_mock
protection,get_protection_status_api_protection_status_get,/api/protection/status,GET,required,Get Protection Status,ProtectionStatusResponse,to_verify,to_verify,must_not_return_mock
protection,sync_protection_settings_api_protection_sync_post,/api/protection/sync,POST,required,Sync Protection Settings,APIResponse,to_verify,to_verify,must_not_return_mock
protection,get_threat_scenarios_api_protection_threat_scenarios_get,/api/protection/threat-scenarios,GET,required,Get Threat Scenarios,array,to_verify,to_verify,must_not_return_mock
misc-other-compat,protection_threats_api_protection_threats_get,/api/protection/threats,GET,required,Protection Threats,array,to_verify,to_verify,must_not_return_mock
misc-other-compat,protection_threats_test_api_protection_threats_test_get,/api/protection/threats/test,GET,required,Protection Threats Test,object,to_verify,to_verify,must_not_return_mock
referral,get_referral_code_api_referral_code_get,/api/referral/code,GET,required,Get Referral Code,ReferralOverviewResponse,to_verify,to_verify,must_not_return_mock
referral,get_referral_history_api_referral_history_get,/api/referral/history,GET,required,Get Referral History,array,to_verify,to_verify,must_not_return_mock
referral,get_referral_rewards_api_referral_rewards_get,/api/referral/rewards,GET,required,Get Referral Rewards,ReferralRewardsResponse,to_verify,to_verify,must_not_return_mock
referral,get_referral_stats_api_referral_stats_get,/api/referral/stats,GET,required,Get Referral Stats,ReferralStatsResponse,to_verify,to_verify,must_not_return_mock
referral-test,test_apply_discount_api_referral_test_discount_apply_get,/api/referral/test/discount/apply,GET,required,Test Apply Discount,unknown,to_verify,to_verify,must_not_return_mock
referral-test,test_confirm_payment_api_referral_test_payment_confirm_post,/api/referral/test/payment/confirm,POST,required,Test Confirm Payment,unknown,to_verify,to_verify,must_not_return_mock
referral-test,test_create_payment_api_referral_test_payment_create_post,/api/referral/test/payment/create,POST,required,Test Create Payment,unknown,to_verify,to_verify,must_not_return_mock
Reports,reports_ai_categories_allow_api_reports_ai_categories_allow_get,/api/reports/ai-categories/allow,GET,optional_or_unknown,Reports Ai Categories Allow,ReportCompatBoolResponse,to_verify,to_verify,must_not_return_mock
Reports,reports_ai_categories_block_api_reports_ai_categories_block_get,/api/reports/ai-categories/block,GET,optional_or_unknown,Reports Ai Categories Block,ReportCompatBoolResponse,to_verify,to_verify,must_not_return_mock
Reports,reports_ai_categories_reports_api_reports_ai_categories_reports_get,/api/reports/ai-categories/reports,GET,optional_or_unknown,Reports Ai Categories Reports,array,to_verify,to_verify,must_not_return_mock
Reports,get_ai_categories_stats_api_reports_ai_categories_stats_get,/api/reports/ai-categories/stats,GET,optional_or_unknown,Get Ai Categories Stats,ReportStatsResponse,api_db,verified,must_not_return_mock
Reports,reports_dark_web_leaks_compat_api_reports_dark_web_leaks_get,/api/reports/dark-web/leaks,GET,optional_or_unknown,Reports Dark Web Leaks Compat,array,to_verify,to_verify,must_not_return_mock
Reports,reports_dark_web_leaks_api_reports_dark_web_leaks_list_get,/api/reports/dark-web/leaks/list,GET,optional_or_unknown,Reports Dark Web Leaks,CursorListResponse,to_verify,to_verify,must_not_return_mock
Reports,reports_dark_web_resolve_api_reports_dark_web_resolve_get,/api/reports/dark-web/resolve,GET,optional_or_unknown,Reports Dark Web Resolve,ReportCompatBoolResponse,to_verify,to_verify,must_not_return_mock
Reports,reports_dark_web_scan_fast_api_reports_dark_web_scan_fast_get,/api/reports/dark-web/scan/fast,GET,optional_or_unknown,Reports Dark Web Scan Fast,ReportCompatBoolResponse,to_verify,to_verify,must_not_return_mock
Reports,reports_dark_web_scan_secure_api_reports_dark_web_scan_secure_get,/api/reports/dark-web/scan/secure,GET,optional_or_unknown,Reports Dark Web Scan Secure,ReportCompatBoolResponse,to_verify,to_verify,must_not_return_mock
Reports,reports_dark_web_scan_start_api_reports_dark_web_scan_start_get,/api/reports/dark-web/scan/start,GET,optional_or_unknown,Reports Dark Web Scan Start,ReportCompatBoolResponse,to_verify,to_verify,must_not_return_mock
Reports,reports_dark_web_scan_start_post_api_reports_dark_web_scan_start_post,/api/reports/dark-web/scan/start,POST,optional_or_unknown,Reports Dark Web Scan Start Post,ReportCompatBoolResponse,to_verify,to_verify,must_not_return_mock
Reports,reports_dark_web_scans_api_reports_dark_web_scans_get,/api/reports/dark-web/scans,GET,optional_or_unknown,Reports Dark Web Scans,array,to_verify,to_verify,must_not_return_mock
Reports,get_dark_web_stats_api_reports_dark_web_stats_get,/api/reports/dark-web/stats,GET,optional_or_unknown,Get Dark Web Stats,ReportStatsResponse,api_db,verified,must_not_return_mock
Reports,reports_driving_root_api_reports_driving_get,/api/reports/driving,GET,optional_or_unknown,Reports Driving Root,ReportCompatBoolResponse,to_verify,to_verify,must_not_return_mock
Reports,reports_driving_behavior_api_reports_driving_behavior_get,/api/reports/driving/behavior,GET,optional_or_unknown,Reports Driving Behavior,object,to_verify,to_verify,must_not_return_mock
Reports,reports_driving_end_api_reports_driving_end_get,/api/reports/driving/end,GET,optional_or_unknown,Reports Driving End,ReportCompatBoolResponse,to_verify,to_verify,must_not_return_mock
Reports,reports_driving_events_api_reports_driving_events_get,/api/reports/driving/events,GET,optional_or_unknown,Reports Driving Events,array,to_verify,to_verify,must_not_return_mock
Reports,reports_driving_export_api_reports_driving_export_get,/api/reports/driving/export,GET,optional_or_unknown,Reports Driving Export,ReportCompatBoolResponse,to_verify,to_verify,must_not_return_mock
Reports,reports_driving_score_api_reports_driving_score_get,/api/reports/driving/score,GET,optional_or_unknown,Reports Driving Score,object,to_verify,to_verify,must_not_return_mock
Reports,reports_driving_start_api_reports_driving_start_get,/api/reports/driving/start,GET,optional_or_unknown,Reports Driving Start,ReportCompatBoolResponse,to_verify,to_verify,must_not_return_mock
Reports,get_driving_reports_stats_api_reports_driving_stats_get,/api/reports/driving/stats,GET,optional_or_unknown,Get Driving Reports Stats,ReportStatsResponse,api_db,verified,must_not_return_mock
Reports,reports_identity_theft_allow_api_reports_identity_theft_allow_get,/api/reports/identity-theft/allow,GET,optional_or_unknown,Reports Identity Theft Allow,ReportCompatBoolResponse,to_verify,to_verify,must_not_return_mock
Reports,reports_identity_theft_allow_post_api_reports_identity_theft_allow_post,/api/reports/identity-theft/allow,POST,optional_or_unknown,Reports Identity Theft Allow Post,ReportCompatBoolResponse,to_verify,to_verify,must_not_return_mock
Reports,reports_identity_theft_attempts_compat_api_reports_identity_theft_attempts_get,/api/reports/identity-theft/attempts,GET,optional_or_unknown,Reports Identity Theft Attempts Compat,array,to_verify,to_verify,must_not_return_mock
Reports,reports_identity_theft_attempts_api_reports_identity_theft_attempts_list_get,/api/reports/identity-theft/attempts/list,GET,optional_or_unknown,Reports Identity Theft Attempts,CursorListResponse,to_verify,to_verify,must_not_return_mock
Reports,reports_identity_theft_block_api_reports_identity_theft_block_get,/api/reports/identity-theft/block,GET,optional_or_unknown,Reports Identity Theft Block,ReportCompatBoolResponse,to_verify,to_verify,must_not_return_mock
Reports,reports_identity_theft_block_post_api_reports_identity_theft_block_post,/api/reports/identity-theft/block,POST,optional_or_unknown,Reports Identity Theft Block Post,ReportCompatBoolResponse,to_verify,to_verify,must_not_return_mock
Reports,get_identity_theft_stats_api_reports_identity_theft_stats_get,/api/reports/identity-theft/stats,GET,optional_or_unknown,Get Identity Theft Stats,ReportStatsResponse,api_db,verified,must_not_return_mock
Reports,reports_identity_theft_whitelist_api_reports_identity_theft_whitelist_get,/api/reports/identity-theft/whitelist,GET,optional_or_unknown,Reports Identity Theft Whitelist,array,to_verify,to_verify,must_not_return_mock
Reports,reports_privacy_cleanup_records_compat_api_reports_privacy_cleanup_records_get,/api/reports/privacy/cleanup/records,GET,optional_or_unknown,Reports Privacy Cleanup Records Compat,array,to_verify,to_verify,must_not_return_mock
Reports,reports_privacy_cleanup_records_api_reports_privacy_cleanup_records_list_get,/api/reports/privacy/cleanup/records/list,GET,optional_or_unknown,Reports Privacy Cleanup Records,CursorListResponse,to_verify,to_verify,must_not_return_mock
Reports,reports_privacy_cleanup_start_api_reports_privacy_cleanup_start_get,/api/reports/privacy/cleanup/start,GET,optional_or_unknown,Reports Privacy Cleanup Start,ReportCompatBoolResponse,to_verify,to_verify,must_not_return_mock
Reports,reports_privacy_cleanup_start_post_api_reports_privacy_cleanup_start_post,/api/reports/privacy/cleanup/start,POST,optional_or_unknown,Reports Privacy Cleanup Start Post,ReportCompatBoolResponse,to_verify,to_verify,must_not_return_mock
Reports,get_cleanup_stats_api_reports_privacy_cleanup_stats_get,/api/reports/privacy/cleanup/stats,GET,optional_or_unknown,Get Cleanup Stats,ReportStatsResponse,api_db,verified,must_not_return_mock
Reports,reports_privacy_location_allow_api_reports_privacy_location_allow_get,/api/reports/privacy/location/allow,GET,optional_or_unknown,Reports Privacy Location Allow,ReportCompatBoolResponse,to_verify,to_verify,must_not_return_mock
Reports,reports_privacy_location_allow_post_api_reports_privacy_location_allow_post,/api/reports/privacy/location/allow,POST,optional_or_unknown,Reports Privacy Location Allow Post,ReportCompatBoolResponse,to_verify,to_verify,must_not_return_mock
Reports,reports_privacy_location_block_api_reports_privacy_location_block_get,/api/reports/privacy/location/block,GET,optional_or_unknown,Reports Privacy Location Block,ReportCompatBoolResponse,to_verify,to_verify,must_not_return_mock
Reports,reports_privacy_location_block_post_api_reports_privacy_location_block_post,/api/reports/privacy/location/block,POST,optional_or_unknown,Reports Privacy Location Block Post,ReportCompatBoolResponse,to_verify,to_verify,must_not_return_mock
Reports,reports_privacy_location_bubble_api_reports_privacy_location_bubble_get,/api/reports/privacy/location/bubble,GET,optional_or_unknown,Reports Privacy Location Bubble,ReportCompatBoolResponse,to_verify,to_verify,must_not_return_mock
Reports,reports_privacy_location_requests_compat_api_reports_privacy_location_requests_get,/api/reports/privacy/location/requests,GET,optional_or_unknown,Reports Privacy Location Requests Compat,array,to_verify,to_verify,must_not_return_mock
Reports,reports_privacy_location_requests_api_reports_privacy_location_requests_list_get,/api/reports/privacy/location/requests/list,GET,optional_or_unknown,Reports Privacy Location Requests,CursorListResponse,to_verify,to_verify,must_not_return_mock
Reports,reports_privacy_location_send_api_reports_privacy_location_send_get,/api/reports/privacy/location/send,GET,optional_or_unknown,Reports Privacy Location Send,ReportCompatBoolResponse,to_verify,to_verify,must_not_return_mock
Reports,get_location_stats_api_reports_privacy_location_stats_get,/api/reports/privacy/location/stats,GET,optional_or_unknown,Get Location Stats,ReportStatsResponse,api_db,verified,must_not_return_mock
Reports,reports_privacy_location_update_accuracy_api_reports_privacy_location_update_accuracy_get,/api/reports/privacy/location/update-accuracy,GET,optional_or_unknown,Reports Privacy Location Update Accuracy,ReportCompatBoolResponse,to_verify,to_verify,must_not_return_mock
Reports,get_tracker_stats_api_reports_privacy_tracker_stats_get,/api/reports/privacy/tracker/stats,GET,optional_or_unknown,Get Tracker Stats,ReportStatsResponse,api_db,verified,must_not_return_mock
Reports,reports_privacy_tracker_top_compat_api_reports_privacy_tracker_top_get,/api/reports/privacy/tracker/top,GET,optional_or_unknown,Reports Privacy Tracker Top Compat,array,to_verify,to_verify,must_not_return_mock
Reports,reports_privacy_tracker_top_api_reports_privacy_tracker_top_list_get,/api/reports/privacy/tracker/top/list,GET,optional_or_unknown,Reports Privacy Tracker Top,CursorListResponse,to_verify,to_verify,must_not_return_mock
Reports,reports_privacy_tracker_whitelist_api_reports_privacy_tracker_whitelist_get,/api/reports/privacy/tracker/whitelist,GET,optional_or_unknown,Reports Privacy Tracker Whitelist,array,to_verify,to_verify,must_not_return_mock
Reports,reports_privacy_tracker_whitelist_post_api_reports_privacy_tracker_whitelist_post,/api/reports/privacy/tracker/whitelist,POST,optional_or_unknown,Reports Privacy Tracker Whitelist Post,ReportCompatBoolResponse,to_verify,to_verify,must_not_return_mock
Roadside Assistance,call_assistance_api_roadside_assistance_call_post,/api/roadside-assistance/call,POST,optional_or_unknown,Вызов помощи на дороге,CallAssistanceResponse,to_verify,to_verify,must_not_return_mock
Roadside Assistance,cancel_request_api_roadside_assistance_cancel__request_id__post,/api/roadside-assistance/cancel/{request_id},POST,optional_or_unknown,Отменить запрос на помощь,CancelRequestResponse,to_verify,to_verify,must_not_return_mock
Roadside Assistance,health_check_api_roadside_assistance_health_get,/api/roadside-assistance/health,GET,optional_or_unknown,Проверка работоспособности агента,object,to_verify,to_verify,must_not_return_mock
Roadside Assistance,get_history_api_roadside_assistance_history_get,/api/roadside-assistance/history,GET,optional_or_unknown,Получить историю запросов,array,to_verify,to_verify,must_not_return_mock
Roadside Assistance,get_status_api_roadside_assistance_status__request_id__get,/api/roadside-assistance/status/{request_id},GET,optional_or_unknown,Получить статус помощи,AssistanceStatusResponse,to_verify,to_verify,must_not_return_mock
App Settings,get_biometry_settings_api_settings_biometry_get,/api/settings/biometry,GET,optional_or_unknown,Get Biometry Settings,BiometrySettingsResponse,to_verify,to_verify,must_not_return_mock
App Settings,update_biometry_settings_api_settings_biometry_update_post,/api/settings/biometry/update,POST,optional_or_unknown,Update Biometry Settings,BiometrySettingsResponse,to_verify,to_verify,must_not_return_mock
App Settings,get_language_settings_api_settings_language_get,/api/settings/language,GET,optional_or_unknown,Get Language Settings,LanguageSettingsResponse,to_verify,to_verify,must_not_return_mock
App Settings,update_language_settings_api_settings_language_update_post,/api/settings/language/update,POST,optional_or_unknown,Update Language Settings,LanguageSettingsResponse,to_verify,to_verify,must_not_return_mock
App Settings,get_notification_settings_api_settings_notifications_get,/api/settings/notifications,GET,optional_or_unknown,Get Notification Settings,NotificationSettingsAppResponse,to_verify,to_verify,must_not_return_mock
App Settings,update_notification_settings_api_settings_notifications_update_post,/api/settings/notifications/update,POST,optional_or_unknown,Update Notification Settings,NotificationSettingsAppResponse,to_verify,to_verify,must_not_return_mock
App Settings,sync_app_settings_api_settings_sync_post,/api/settings/sync,POST,optional_or_unknown,Sync App Settings,SyncAppSettingsResponse,to_verify,to_verify,must_not_return_mock
App Settings,get_theme_settings_api_settings_theme_get,/api/settings/theme,GET,optional_or_unknown,Get Theme Settings,ThemeSettingsResponse,to_verify,to_verify,must_not_return_mock
App Settings,update_theme_settings_api_settings_theme_update_post,/api/settings/theme/update,POST,optional_or_unknown,Update Theme Settings,ThemeSettingsResponse,to_verify,to_verify,must_not_return_mock
App Settings,update_app_settings_api_settings_update_post,/api/settings/update,POST,optional_or_unknown,Update App Settings,AppSettingsResponse,to_verify,to_verify,must_not_return_mock
subscription-compat,subscription_activate_api_subscription_activate_get,/api/subscription/activate,GET,required,Subscription Activate,object,to_verify,to_verify,must_not_return_mock
subscription-compat,subscription_activation_activate_api_subscription_activation_activate_get,/api/subscription/activation/activate,GET,required,Subscription Activation Activate,object,to_verify,to_verify,must_not_return_mock
subscription-compat,subscription_activation_verify_api_subscription_activation_verify_get,/api/subscription/activation/verify,GET,required,Subscription Activation Verify,object,to_verify,to_verify,must_not_return_mock
Subscription,get_auto_renewal_api_subscription_auto_renewal_get,/api/subscription/auto-renewal,GET,optional_or_unknown,Get Auto Renewal,AutoRenewalResponse,to_verify,to_verify,must_not_return_mock
Subscription,update_auto_renewal_api_subscription_auto_renewal_update_post,/api/subscription/auto-renewal/update,POST,optional_or_unknown,Update Auto Renewal,AutoRenewalResponse,to_verify,to_verify,must_not_return_mock
subscription,cancel_subscription_api_subscription_cancel_post,/api/subscription/cancel,POST,optional_or_unknown,Cancel Subscription,unknown,to_verify,to_verify,must_not_return_mock
subscription-events,alert_check_subscription_events_api_subscription_events_alert_check_get,/api/subscription/events/alert/check,GET,required,Alert Check Subscription Events,AlertCheckResponse,to_verify,to_verify,must_not_return_mock
subscription-events,ingest_subscription_events_batch_api_subscription_events_batch_post,/api/subscription/events/batch,POST,required,Ingest Subscription Events Batch,SubscriptionEventsBatchResponse,to_verify,to_verify,must_not_return_mock
subscription-events,get_recent_subscription_events_api_subscription_events_recent_get,/api/subscription/events/recent,GET,required,Get Recent Subscription Events,array,to_verify,to_verify,must_not_return_mock
subscription-events,get_subscription_events_summary_api_subscription_events_stats_summary_get,/api/subscription/events/stats/summary,GET,required,Get Subscription Events Summary,SubscriptionEventsSummary,to_verify,to_verify,must_not_return_mock
Subscription,get_purchase_history_api_subscription_purchase_history_get,/api/subscription/purchase-history,GET,optional_or_unknown,Get Purchase History,PurchaseHistoryResponse,to_verify,to_verify,must_not_return_mock
subscription,get_subscription_status_api_subscription_status_get,/api/subscription/status,GET,optional_or_unknown,Get Subscription Status,app__models__subscription__SubscriptionStatusResponse,to_verify,to_verify,must_not_return_mock
Subscription,update_subscription_status_api_subscription_status_update_post,/api/subscription/status/update,POST,optional_or_unknown,Update Subscription Status,security__api__routers__subscription_sync_router__SubscriptionStatusResponse,to_verify,to_verify,must_not_return_mock
subscription-compat,subscription_subscribe_api_subscription_subscribe_get,/api/subscription/subscribe,GET,required,Subscription Subscribe,object,to_verify,to_verify,must_not_return_mock
Subscription,sync_subscription_api_subscription_sync_post,/api/subscription/sync,POST,optional_or_unknown,Sync Subscription,SyncSubscriptionResponse,to_verify,to_verify,must_not_return_mock
subscription-compat,subscription_tariffs_api_subscription_tariffs_get,/api/subscription/tariffs,GET,required,Subscription Tariffs,array,to_verify,to_verify,must_not_return_mock
Subscription,update_subscription_api_subscription_update_post,/api/subscription/update,POST,optional_or_unknown,Update Subscription,SubscriptionResponse,to_verify,to_verify,must_not_return_mock
subscription,validate_receipt_api_subscription_validate_receipt_post,/api/subscription/validate-receipt,POST,optional_or_unknown,Validate Receipt,unknown,to_verify,to_verify,must_not_return_mock
System Management,create_backup_api_system_backup_post,/api/system/backup,POST,optional_or_unknown,Create Backup,BackupResponse,to_verify,to_verify,must_not_return_mock
System Management,get_backup_status_api_system_backup_status_get,/api/system/backup/status,GET,optional_or_unknown,Get Backup Status,BackupStatusResponse,to_verify,to_verify,must_not_return_mock
System Management,get_system_health_api_system_health_get,/api/system/health,GET,optional_or_unknown,Get System Health,SystemHealthResponse,to_verify,to_verify,must_not_return_mock
System Management,get_system_info_api_system_info_get,/api/system/info,GET,optional_or_unknown,Get System Info,SystemInfoResponse,to_verify,to_verify,must_not_return_mock
System Management,get_system_logs_api_system_logs_get,/api/system/logs,GET,optional_or_unknown,Get System Logs,SystemLogsResponse,to_verify,to_verify,must_not_return_mock
System Management,set_maintenance_mode_api_system_maintenance_post,/api/system/maintenance,POST,optional_or_unknown,Set Maintenance Mode,MaintenanceModeResponse,to_verify,to_verify,must_not_return_mock
System Management,get_system_metrics_api_system_metrics_get,/api/system/metrics,GET,optional_or_unknown,Get System Metrics,SystemMetricsResponse,to_verify,to_verify,must_not_return_mock
System Management,get_system_resources_api_system_resources_get,/api/system/resources,GET,optional_or_unknown,Get System Resources,SystemResourcesResponse,to_verify,to_verify,must_not_return_mock
System Management,restart_system_api_system_restart_post,/api/system/restart,POST,optional_or_unknown,Restart System,object,to_verify,to_verify,must_not_return_mock
system-ai-compat,system_status_compat_api_system_status_get,/api/system/status,GET,optional_or_unknown,System Status Compat,object,to_verify,to_verify,must_not_return_mock
System Management,get_system_uptime_api_system_uptime_get,/api/system/uptime,GET,optional_or_unknown,Get System Uptime,object,to_verify,to_verify,must_not_return_mock
System Management,get_system_version_api_system_version_get,/api/system/version,GET,optional_or_unknown,Get System Version,object,to_verify,to_verify,must_not_return_mock
misc-other-compat,api_test_api_test_get,/api/test,GET,optional_or_unknown,Api Test,object,to_verify,to_verify,must_not_return_mock
user,user_2fa_status_compat_api_user_2fa_status_get,/api/user/2fa/status,GET,required,User 2Fa Status Compat,UserCompatBoolResponse,to_verify,to_verify,must_not_return_mock
user,user_2fa_update_compat_api_user_2fa_update_get,/api/user/2fa/update,GET,required,User 2Fa Update Compat,UserCompatBoolResponse,to_verify,to_verify,must_not_return_mock
user,delete_user_compat_api_user_delete_get,/api/user/delete,GET,required,Delete User Compat,UserCompatBoolResponse,to_verify,to_verify,must_not_return_mock
user,change_password_compat_api_user_password_get,/api/user/password,GET,required,Change Password Compat,UserCompatBoolResponse,to_verify,to_verify,must_not_return_mock
user,get_user_profile_compat_api_user_profile_get,/api/user/profile,GET,required,Get User Profile Compat,UserProfileCompatResponse,to_verify,to_verify,must_not_return_mock
User Profile,get_user_profile_history_api_user_profile_history_get,/api/user/profile/history,GET,optional_or_unknown,Get User Profile History,ProfileHistoryResponse,to_verify,to_verify,must_not_return_mock
User Profile,get_user_privacy_settings_api_user_profile_privacy_get,/api/user/profile/privacy,GET,optional_or_unknown,Get User Privacy Settings,PrivacySettingsResponse,to_verify,to_verify,must_not_return_mock
User Profile,update_user_privacy_settings_api_user_profile_privacy_update_post,/api/user/profile/privacy/update,POST,optional_or_unknown,Update User Privacy Settings,PrivacySettingsResponse,to_verify,to_verify,must_not_return_mock
User Profile,sync_user_profile_api_user_profile_sync_post,/api/user/profile/sync,POST,optional_or_unknown,Sync User Profile,SyncUserProfileResponse,to_verify,to_verify,must_not_return_mock
User Profile,update_user_profile_api_user_profile_update_post,/api/user/profile/update,POST,optional_or_unknown,Update User Profile,UserProfileResponse,to_verify,to_verify,must_not_return_mock
user,update_user_compat_api_user_update_get,/api/user/update,GET,required,Update User Compat,UserCompatBoolResponse,to_verify,to_verify,must_not_return_mock
Parental Control Legacy,get_legacy_access_requests_api_v1_parental_control_access_requests_get,/api/v1/parental-control/access-requests,GET,required,Get Legacy Access Requests,array,to_verify,to_verify,must_not_return_mock
Parental Control Legacy,handle_legacy_access_request_api_v1_parental_control_access_requests_post,/api/v1/parental-control/access-requests,POST,required,Handle Legacy Access Request,ApiBoolResponse,to_verify,to_verify,must_not_return_mock
Parental Control Legacy,get_legacy_parental_blocking_api_v1_parental_control_blocking_get,/api/v1/parental-control/blocking,GET,required,Get Legacy Parental Blocking,ApiBoolResponse,to_verify,to_verify,must_not_return_mock
Parental Control Legacy,get_legacy_location_geofences_api_v1_parental_control_location_geofences_get,/api/v1/parental-control/location/geofences,GET,required,Get Legacy Location Geofences,array,to_verify,to_verify,must_not_return_mock
Parental Control Legacy,track_legacy_location_api_v1_parental_control_location_track_post,/api/v1/parental-control/location/track,POST,required,Track Legacy Location,ApiBoolResponse,to_verify,to_verify,must_not_return_mock
Parental Control Legacy,apply_legacy_parental_rules_api_v1_parental_control_rules_post,/api/v1/parental-control/rules,POST,required,Apply Legacy Parental Rules,ApiBoolResponse,to_verify,to_verify,must_not_return_mock
Parental Control Legacy,get_legacy_stats_api_v1_parental_control_stats_get,/api/v1/parental-control/stats,GET,required,Get Legacy Stats,ParentalControlStatsResponse,to_verify,to_verify,must_not_return_mock
other,wildcard_handler_api__path__get,/api/{path},DELETE,optional_or_unknown,Wildcard Handler,unknown,to_verify,to_verify,must_not_return_mock
other,wildcard_handler_api__path__get,/api/{path},GET,optional_or_unknown,Wildcard Handler,unknown,to_verify,to_verify,must_not_return_mock
other,wildcard_handler_api__path__get,/api/{path},POST,optional_or_unknown,Wildcard Handler,unknown,to_verify,to_verify,must_not_return_mock
other,wildcard_handler_api__path__get,/api/{path},PUT,optional_or_unknown,Wildcard Handler,unknown,to_verify,to_verify,must_not_return_mock
other,prometheus_metrics_metrics_get,/metrics,GET,optional_or_unknown,Prometheus Metrics,unknown,to_verify,to_verify,must_not_return_mock
