path,files_total,lines_total,python_files,python_lines,swift_files,swift_lines,shell_files,shell_lines,other_files,other_lines
.,527,85828,287,58653,14,3825,225,23323,1,27
app/security/ai_agents,85,79404,85,79404,0,0,0,0,0,0
Screens,67,52284,0,0,67,52284,0,0,0,0
app/security,72,46318,72,46318,0,0,0,0,0,0
Core/Localization,9,42404,0,0,9,42404,0,0,0,0
app/security/bots,22,26278,22,26278,0,0,0,0,0,0
app/security/managers,24,19809,24,19809,0,0,0,0,0,0
security/api/routers,33,17878,33,17878,0,0,0,0,0,0
LocalizedVersions/English,16,17780,0,0,16,17780,0,0,0,0
app/security/api/routers,31,14180,31,14180,0,0,0,0,0,0
docs/server,71,13150,38,8417,0,0,30,4236,3,497
app/security/active,7,12197,7,12197,0,0,0,0,0,0
app/security/family,18,12189,18,12189,0,0,0,0,0,0
app/security/vpn,33,11996,30,11889,0,0,3,107,0,0
app/security/microservices,17,11964,17,11964,0,0,0,0,0,0
ViewModels,32,10540,0,0,32,10540,0,0,0,0
Shared/Components/Modals,32,9580,0,0,32,9580,0,0,0,0
security/ai_agents,13,9401,13,9401,0,0,0,0,0,0
app/routers,23,8834,23,8834,0,0,0,0,0,0
Core/Network,9,7783,0,0,9,7783,0,0,0,0
Core/Managers,17,7232,0,0,17,7232,0,0,0,0
Core/Models,11,6794,0,0,11,6794,0,0,0,0
backend_tests,18,5441,18,5441,0,0,0,0,0,0
app/security/bots/components,8,4835,8,4835,0,0,0,0,0,0
tools,39,4126,35,4021,0,0,4,105,0,0
docs/AppStore,19,4093,16,3870,0,0,3,223,0,0
Tests/Integration,12,3779,0,0,12,3779,0,0,0,0
Tests/UnitTests,17,3616,0,0,17,3616,0,0,0,0
landing,51,3304,0,0,0,0,51,3304,0,0
security/services/ai_platform,35,3234,35,3234,0,0,0,0,0,0
Screens/Views,11,3120,0,0,11,3120,0,0,0,0
Tests/UITests,11,2844,0,0,11,2844,0,0,0,0
app/security/vpn/protection,5,2568,5,2568,0,0,0,0,0,0
payment_service,28,2568,1,995,0,0,27,1573,0,0
Shared/Components,24,2378,0,0,24,2378,0,0,0,0
security/services,20,2343,20,2343,0,0,0,0,0,0
scripts,28,2241,13,746,2,113,13,1382,0,0
security/bots,2,1981,2,1981,0,0,0,0,0,0
app/security/vpn/web,6,1933,6,1933,0,0,0,0,0,0
Shared/Models,9,1898,0,0,9,1898,0,0,0,0
app/security/vpn/features,4,1886,4,1886,0,0,0,0,0,0
Components,11,1882,0,0,11,1882,0,0,0,0
app/security/vpn/performance,5,1844,5,1844,0,0,0,0,0,0
app/database/migrations,13,1647,5,970,0,0,5,452,3,225
Core/Services,8,1581,0,0,8,1581,0,0,0,0
Core/Analytics,5,1565,0,0,5,1565,0,0,0,0
app/security/vpn/protocols,5,1523,5,1523,0,0,0,0,0,0
app/security/vpn/compliance,5,1522,5,1522,0,0,0,0,0,0
payment_service/app,13,1520,13,1520,0,0,0,0,0,0
Core/Utilities,5,1497,0,0,5,1497,0,0,0,0
app/security/compliance,3,1451,3,1451,0,0,0,0,0,0
Components/Modals,9,1437,0,0,9,1437,0,0,0,0
Core/Antivirus,4,1264,0,0,4,1264,0,0,0,0
Core/Monitoring,3,1244,0,0,3,1244,0,0,0,0
app/security/vpn/analytics,2,1229,2,1229,0,0,0,0,0,0
app/security/vpn/tests/unit,3,1226,3,1226,0,0,0,0,0,0
app/security/vpn/api,2,1073,2,1073,0,0,0,0,0,0
Core/Notifications,3,1069,0,0,3,1069,0,0,0,0
Core/Cache,2,1045,0,0,2,1045,0,0,0,0
~/Desktop/ALADDIN_Profiles,11,981,0,0,0,0,11,981,0,0
app/security/vpn/encryption,1,951,1,951,0,0,0,0,0,0
Core/Navigation,2,933,0,0,2,933,0,0,0,0
Core/Security,4,921,0,0,4,921,0,0,0,0
app/security/antivirus/ml,2,917,2,917,0,0,0,0,0,0
security/antivirus/ml,2,916,2,916,0,0,0,0,0,0
Core/Offline,2,901,0,0,2,901,0,0,0,0
docs/server/server_snapshots/20260317_payments,2,887,2,887,0,0,0,0,0,0
app/security/api/routers/tests,3,835,3,835,0,0,0,0,0,0
security/api/routers/tests,3,835,3,835,0,0,0,0,0,0
Shared/Components/Chat,8,829,0,0,8,829,0,0,0,0
app/security/vpn/client,2,812,2,812,0,0,0,0,0,0
Core/Validation,2,807,0,0,2,807,0,0,0,0
app/security/vpn/validators,2,799,2,799,0,0,0,0,0,0
Shared/Components/Cards,5,790,0,0,5,790,0,0,0,0
backend/app/services,4,758,4,758,0,0,0,0,0,0
Core/NetworkProtection,2,740,0,0,2,740,0,0,0,0
security/family,6,726,6,726,0,0,0,0,0,0
app/security/vpn/core,2,680,2,680,0,0,0,0,0,0
docs/server/migrations,6,679,0,0,0,0,0,0,6,679
Core/Store,1,678,0,0,1,678,0,0,0,0
app/security/vpn/auth,2,649,2,649,0,0,0,0,0,0
ALADDINWidgets,2,648,0,0,2,648,0,0,0,0
app/security/vpn/interfaces,1,646,1,646,0,0,0,0,0,0
app/security/vpn/integrations,1,640,1,640,0,0,0,0,0,0
Core/Config,2,639,0,0,2,639,0,0,0,0
app/security/vpn/scripts,2,639,2,639,0,0,0,0,0,0
app/security/vpn/exceptions,2,630,2,630,0,0,0,0,0,0
app/security/vpn/audit_logging,2,613,2,613,0,0,0,0,0,0
app/security/vpn/tests/integration,2,611,2,611,0,0,0,0,0,0
app/security/vpn/models,2,604,2,604,0,0,0,0,0,0
app/services,5,594,5,594,0,0,0,0,0,0
docs/release/db/migrations_batch1,3,593,0,0,0,0,0,0,3,593
app/security/vpn/factories,1,579,1,579,0,0,0,0,0,0
app/security/vpn/graceful,2,565,2,565,0,0,0,0,0,0
Shared/Styles,4,559,0,0,4,559,0,0,0,0
app/security/antivirus/core,1,547,1,547,0,0,0,0,0,0
app/security/vpn/retry,2,545,2,545,0,0,0,0,0,0
security,4,535,4,535,0,0,0,0,0,0
landing/admin/js,1,512,0,0,0,0,0,0,1,512
Tests/ViewModels,2,495,0,0,2,495,0,0,0,0
Shared/Components/Inputs,3,483,0,0,3,483,0,0,0,0
app/security/vpn/config,1,478,1,478,0,0,0,0,0,0
app/security/vpn/monitoring,1,469,1,469,0,0,0,0,0,0
Core/ContentBlocker,2,464,0,0,2,464,0,0,0,0
security/api,2,455,2,455,0,0,0,0,0,0
app/security/antivirus,1,449,1,449,0,0,0,0,0,0
backend/app/routers,3,447,3,447,0,0,0,0,0,0
Core/Diagnostics,5,433,0,0,5,433,0,0,0,0
Shared/Extensions,2,418,0,0,2,418,0,0,0,0
app/security/vpn/di,1,414,1,414,0,0,0,0,0,0
security/antivirus/signatures,1,396,1,396,0,0,0,0,0,0
app/security/antivirus/scanners,1,395,1,395,0,0,0,0,0,0
app/security/antivirus/signatures,1,395,1,395,0,0,0,0,0,0
Core/Audio,2,379,0,0,2,379,0,0,0,0
Shared/Components/Navigation,1,369,0,0,1,369,0,0,0,0
app/security/vpn/integration,1,333,1,333,0,0,0,0,0,0
Tests/Services,3,328,0,0,3,328,0,0,0,0
security/services/ai_platform/modules,9,320,9,320,0,0,0,0,0,0
app/security/vpn/servers,1,311,1,311,0,0,0,0,0,0
app/security/vpn/tests,2,311,2,311,0,0,0,0,0,0
Core/IoT,1,310,0,0,1,310,0,0,0,0
app/security/vpn/ui,1,298,1,298,0,0,0,0,0,0
app/security/vpn/legal,1,294,1,294,0,0,0,0,0,0
app,1,291,1,291,0,0,0,0,0,0
services,3,284,3,284,0,0,0,0,0,0
Core/Logging,1,275,0,0,1,275,0,0,0,0
Core/Storage,2,275,0,0,2,275,0,0,0,0
Core/ABTesting,1,274,0,0,1,274,0,0,0,0
Tests,3,238,0,0,3,238,0,0,0,0
Core/Chat,1,234,0,0,1,234,0,0,0,0
CoreModules,1,227,0,0,1,227,0,0,0,0
app/security/api/cache,1,221,1,221,0,0,0,0,0,0
security/api/cache,1,221,1,221,0,0,0,0,0,0
Core/Accessibility,1,217,0,0,1,217,0,0,0,0
Tests/Accessibility,1,213,0,0,1,213,0,0,0,0
Shared/Components/Buttons,2,208,0,0,2,208,0,0,0,0
app/security/notifications,3,201,3,201,0,0,0,0,0,0
backend/app/models,2,193,2,193,0,0,0,0,0,0
app/security/antivirus/engines,1,189,1,189,0,0,0,0,0,0
app/auth,2,158,2,158,0,0,0,0,0,0
app/security/core,1,150,1,150,0,0,0,0,0,0
ALADDINContentBlocker,1,147,0,0,1,147,0,0,0,0
Core/Utils,1,135,0,0,1,135,0,0,0,0
Core/VPN,1,120,0,0,1,120,0,0,0,0
Core/Protocols,1,101,0,0,1,101,0,0,0,0
payment_service/app/services,2,99,2,99,0,0,0,0,0,0
tools/snapshots,2,92,2,92,0,0,0,0,0,0
backend,1,68,1,68,0,0,0,0,0,0
app/security/scaling,2,61,2,61,0,0,0,0,0,0
payment_service/scripts,1,60,1,60,0,0,0,0,0,0
migrations,1,55,0,0,0,0,0,0,1,55
tests/security,1,52,1,52,0,0,0,0,0,0
backend/app,2,51,2,51,0,0,0,0,0,0
Core/Networking,1,48,0,0,1,48,0,0,0,0
Views,1,48,0,0,1,48,0,0,0,0
security/types,2,44,2,44,0,0,0,0,0,0
Core/Helpers,1,41,0,0,1,41,0,0,0,0
app/database,1,41,1,41,0,0,0,0,0,0
app/utils,2,40,2,40,0,0,0,0,0,0
app/security/utils,1,27,1,27,0,0,0,0,0,0
docs/observability,2,25,0,0,0,0,1,13,1,12
app/observability,1,22,1,22,0,0,0,0,0,0
backend/app/database,1,22,1,22,0,0,0,0,0,0
app/config,1,21,1,21,0,0,0,0,0,0
payment_service/app/providers,1,21,1,21,0,0,0,0,0,0
docs/release/db/grants_batch1,3,20,0,0,0,0,0,0,3,20
docs/release/db,1,17,0,0,0,0,0,0,1,17
payment_service/migrations,1,9,0,0,0,0,0,0,1,9
app/security/vpn/audit_logging/logging,1,1,1,1,0,0,0,0,0,0
__TOTAL__,1843,651354,,409530,,203479,,,,
