method,endpoint,source_file,handler,should_write_db,should_write_reason,writes_db_detected,writes_db_reason,gap
POST,/api/activation/retrieve,app/routers/payments.py,retrieve_activation_code,True,post_default_mutation_policy,False,,True
POST,/api/ai-categories/age-restriction,security/api/routers/ai_categories_router.py,set_age_restriction,True,post_default_mutation_policy,False,,True
POST,/api/ai-categories/allow,security/api/routers/ai_categories_router.py,allow_sites,True,post_mutation_keyword,False,,True
POST,/api/ai-categories/block,security/api/routers/ai_categories_router.py,block_sites,True,post_mutation_keyword,False,,True
POST,/api/ai-categories/check,security/api/routers/ai_categories_router.py,check_access,True,post_default_mutation_policy,False,,True
POST,/api/ai/assistant/analyze_threat,ai_assistant_router.py,ai_assistant_analyze_threat,True,post_default_mutation_policy,False,,True
POST,/api/ai/assistant/chat,ai_assistant_router.py,ai_assistant_chat,True,post_default_mutation_policy,False,,True
POST,/api/ai/assistant/feedback,ai_assistant_router.py,ai_assistant_feedback,True,post_default_mutation_policy,False,,True
POST,/api/ai/assistant/report_incident,ai_assistant_router.py,ai_assistant_report_incident,True,post_mutation_keyword,False,,True
POST,/api/anti-tracker/block,security/api/routers/anti_tracker_router.py,block_tracker,True,post_mutation_keyword,False,,True
POST,/api/anti-tracker/check,security/api/routers/anti_tracker_router.py,check_request,True,post_default_mutation_policy,False,,True
POST,/api/anti-tracker/settings,security/api/routers/anti_tracker_router.py,update_settings,True,post_mutation_keyword,False,,True
POST,/api/anti-tracker/unblock,security/api/routers/anti_tracker_router.py,unblock_tracker,True,post_mutation_keyword,False,,True
POST,/api/auth/register-device,backend/app/routers/subscription.py,register_device,True,post_default_mutation_policy,False,,True
POST,/api/auth/register-device-trial,backend/app/routers/subscription.py,register_device_with_trial,True,post_default_mutation_policy,False,,True
POST,/api/chat/offline-messages/resolve-conflicts,other_functions_sync_router.py,resolve_message_conflicts,True,post_mutation_keyword,False,,True
POST,/api/chat/offline-messages/send,other_functions_sync_router.py,send_offline_message,True,post_mutation_keyword,False,,True
POST,/api/chat/offline-messages/sync,other_functions_sync_router.py,sync_offline_messages,True,post_mutation_keyword,False,,True
POST,/api/components/batch/status,app/routers/components.py,get_batch_component_status,False,post_non_mutation_semantics,False,,False
POST,/api/components/config/update/{component_id},components_router.py,update_component_config,True,post_mutation_keyword,False,,True
POST,/api/components/configuration/{component_id},docs/server/COMPONENTS_API_ENDPOINTS.py,update_component_configuration,True,post_default_mutation_policy,True,commit|execute|sql_mutation,False
POST,/api/components/disable/{component_id},components_router.py,disable_component,True,post_mutation_keyword,False,,True
POST,/api/components/enable/{component_id},components_router.py,enable_component,True,post_mutation_keyword,False,,True
POST,/api/components/restart/{component_id},components_router.py,restart_component,True,post_mutation_keyword,False,,True
POST,/api/components/status/{component_id},app/routers/components.py,update_component_status_compat,False,post_non_mutation_semantics,False,,False
POST,/api/components/test/{component_id},components_router.py,test_component,True,post_default_mutation_policy,True,sql_mutation,False
POST,/api/components/update/{component_id},components_router.py,update_component,True,post_mutation_keyword,False,,True
POST,/api/crash-detection/alert,implement_crash_detection_server.py,send_crash_alert,True,post_default_mutation_policy,False,,True
POST,/api/crash-detection/cancel-emergency-call,security/api/routers/crash_detection_router.py,cancel_emergency_call,True,post_mutation_keyword,False,,True
POST,/api/crash-detection/data,implement_crash_detection_server.py,send_crash_detection_data,True,post_default_mutation_policy,False,,True
POST,/api/crash-detection/emergency-call,security/api/routers/crash_detection_router.py,call_emergency,True,post_default_mutation_policy,False,,True
POST,/api/crash-detection/notifications/send,crash_detection_sync_router.py,send_crash_notification,True,post_mutation_keyword,False,,True
POST,/api/crash-detection/report,crash_detection_sync_router.py,report_crash,True,post_mutation_keyword,False,,True
POST,/api/crash-detection/setup,implement_crash_detection_server.py,setup_crash_detection,True,post_mutation_keyword,False,,True
POST,/api/crash-detection/start,implement_crash_detection_server.py,start_crash_detection_monitoring,True,post_mutation_keyword,False,,True
POST,/api/crash-detection/stop,implement_crash_detection_server.py,stop_crash_detection_monitoring,True,post_default_mutation_policy,False,,True
POST,/api/crash-detection/sync,crash_detection_sync_router.py,sync_crash_detection,True,post_mutation_keyword,False,,True
POST,/api/darkweb/check,security/api/routers/dark_web_monitoring_router.py,check_email_breach,True,post_default_mutation_policy,False,,True
POST,/api/darkweb/start-monitoring,security/api/routers/dark_web_monitoring_router.py,start_monitoring,True,post_mutation_keyword,False,,True
POST,/api/darkweb/stop-monitoring,security/api/routers/dark_web_monitoring_router.py,stop_monitoring,True,post_default_mutation_policy,False,,True
POST,/api/data-cleanup/periodic-scan,security/api/routers/data_cleanup_router.py,trigger_periodic_scan,True,post_default_mutation_policy,False,,True
POST,/api/data-cleanup/preferences,security/api/routers/data_cleanup_router.py,update_user_preferences,True,post_default_mutation_policy,False,,True
POST,/api/data-cleanup/remove,security/api/routers/data_cleanup_router.py,remove_data_from_sites,True,post_mutation_keyword,False,,True
POST,/api/data-cleanup/scan,security/api/routers/data_cleanup_router.py,scan_broker_sites,True,post_default_mutation_policy,False,,True
POST,/api/driving-reports/event,security/api/routers/driving_reports_router.py,record_event,True,post_mutation_keyword,False,,True
POST,/api/driving-reports/generate,security/api/routers/driving_reports_router.py,generate_report,True,post_mutation_keyword,False,,True
POST,/api/driving-reports/start,security/api/routers/driving_reports_router.py,start_monitoring,True,post_mutation_keyword,False,,True
POST,/api/driving-reports/stop,security/api/routers/driving_reports_router.py,stop_monitoring,True,post_mutation_keyword,False,,True
POST,/api/elderly/appointments/sync,elderly_interface_sync_router.py,sync_appointments,True,post_mutation_keyword,False,,True
POST,/api/elderly/appointments/update,elderly_interface_sync_router.py,update_appointment,True,post_mutation_keyword,False,,True
POST,/api/elderly/medications/sync,elderly_interface_sync_router.py,sync_medications,True,post_mutation_keyword,False,,True
POST,/api/elderly/medications/update,elderly_interface_sync_router.py,update_medication,True,post_mutation_keyword,False,,True
POST,/api/family/create,app/routers/family.py,create_family_endpoint,True,post_mutation_keyword,False,,True
DELETE,/api/family/remove,app/routers/family.py,remove_family_member,True,method_requires_mutation,True,commit|execute|sql_mutation,False
POST,/api/gamification/achievements/claim,app/security/api/routers/gamification_router.py,claim_gamification_achievement_reward,True,post_mutation_keyword,False,,True
POST,/api/gamification/achievements/unlock,app/security/api/routers/gamification_router.py,unlock_gamification_achievement,True,post_mutation_keyword,False,,True
POST,/api/gamification/balance/add,app/security/api/routers/gamification_router.py,add_gamification_balance,True,post_default_mutation_policy,False,,True
POST,/api/gamification/balance/subtract,app/security/api/routers/gamification_router.py,subtract_gamification_balance,True,post_default_mutation_policy,False,,True
POST,/api/gamification/progress/reset,app/security/api/routers/gamification_router.py,reset_gamification_progress,True,post_mutation_keyword,False,,True
POST,/api/gamification/progress/update,app/security/api/routers/gamification_router.py,update_gamification_progress,True,post_mutation_keyword,False,,True
POST,/api/gamification/rewards/claim,app/security/api/routers/gamification_router.py,claim_gamification_reward,True,post_mutation_keyword,False,,True
POST,/api/gamification/rewards/give,app/security/api/routers/gamification_router.py,give_gamification_reward,True,post_default_mutation_policy,False,,True
POST,/api/gamification/rewards/purchase,app/security/api/routers/gamification_router.py,purchase_gamification_reward,True,post_mutation_keyword,False,,True
POST,/api/gamification/settings/notifications/update,app/security/api/routers/gamification_router.py,update_gamification_notification_settings,True,post_mutation_keyword,False,,True
POST,/api/gamification/settings/update,app/security/api/routers/gamification_router.py,update_gamification_settings,True,post_mutation_keyword,False,,True
POST,/api/gamification/tournaments/join,app/security/api/routers/gamification_router.py,join_gamification_tournament,True,post_mutation_keyword,False,,True
POST,/api/gamification/tournaments/leave,app/security/api/routers/gamification_router.py,leave_gamification_tournament,True,post_mutation_keyword,False,,True
POST,/api/identity-theft/check,security/api/routers/identity_theft_protection_router.py,check_fraud_database,True,post_default_mutation_policy,False,,True
POST,/api/identity-theft/consent,security/api/routers/identity_theft_protection_router.py,give_consent,True,post_default_mutation_policy,False,,True
POST,/api/identity-theft/detect,security/api/routers/identity_theft_protection_router.py,detect_identity_theft,True,post_default_mutation_policy,False,,True
POST,/api/identity-theft/monitor-credit,security/api/routers/identity_theft_protection_router.py,monitor_credit,True,post_default_mutation_policy,False,,True
POST,/api/identity-theft/monitor-snils,security/api/routers/identity_theft_protection_router.py,monitor_snils,True,post_default_mutation_policy,False,,True
POST,/api/identity-theft/revoke-consent,security/api/routers/identity_theft_protection_router.py,revoke_consent,True,post_default_mutation_policy,False,,True
POST,/api/identity-theft/stop-monitoring,security/api/routers/identity_theft_protection_router.py,stop_monitoring,True,post_default_mutation_policy,False,,True
POST,/api/iot/device/{deviceId}/block,app/security/api/routers/iot_router.py,block_iot_device,True,post_mutation_keyword,False,,True
POST,/api/iot/fix/{threatId},app/security/api/routers/iot_router.py,fix_iot_threat,True,post_default_mutation_policy,False,,True
POST,/api/iot/scan/{homeId},app/security/api/routers/iot_router.py,start_iot_scan,True,post_default_mutation_policy,False,,True
POST,/api/location/bubble/settings,security/api/routers/location_bubble_router.py,set_person_settings,True,post_mutation_keyword,False,,True
POST,/api/location/geofences/sync,other_functions_sync_router.py,sync_location_geofences,True,post_mutation_keyword,False,,True
POST,/api/location/geofences/update,other_functions_sync_router.py,update_location_geofence,True,post_mutation_keyword,False,,True
DELETE,/api/location/geofences/{geofenceId},other_functions_sync_router.py,delete_location_geofence,True,method_requires_mutation,False,,True
POST,/api/location/movement-history/update,other_functions_sync_router.py,update_movement_history,True,post_mutation_keyword,False,,True
POST,/api/location/status/update,other_functions_sync_router.py,update_location_status,True,post_mutation_keyword,False,,True
POST,/api/metrics/upload,metrics_router.py,upload_metrics,False,post_non_mutation_semantics,False,,False
PATCH,/api/network-protection/settings,app/routers/network_protection_compat.py,patch_network_protection_settings,True,method_requires_mutation,False,,True
POST,/api/notifications/archive/{notification_id},notifications_router_extended.py,archive_notification,True,post_default_mutation_policy,False,,True
POST,/api/notifications/bulk_mark_read,notifications_router_extended.py,bulk_mark_read,True,post_default_mutation_policy,False,,True
POST,/api/notifications/clear_all,notifications_router_extended.py,clear_all_notifications,True,post_default_mutation_policy,False,,True
POST,/api/notifications/delete/{notification_id},notifications_router_extended.py,delete_notification,True,post_mutation_keyword,False,,True
POST,/api/notifications/mark_read/{notification_id},notifications_router_extended.py,mark_notification_read_by_id,True,post_default_mutation_policy,True,sql_mutation,False
PUT,/api/notifications/preferences,notifications_router_extended.py,update_notification_preferences,True,method_requires_mutation,False,,True
POST,/api/notifications/push/send,notifications_router_extended.py,send_push_notification,True,post_mutation_keyword,False,,True
POST,/api/notifications/read,notifications_router_extended.py,mark_notification_read,True,post_default_mutation_policy,False,,True
PUT,/api/notifications/settings,notifications_router_extended.py,update_notifications_settings,True,method_requires_mutation,False,,True
POST,/api/notifications/test,notifications_router_extended.py,send_test_notification,True,post_default_mutation_policy,False,,True
POST,/api/notifications/unarchive/{notification_id},notifications_router_extended.py,unarchive_notification,True,post_default_mutation_policy,False,,True
POST,/api/offline-storage/data/update,offline_storage_sync_router.py,update_offline_data,True,post_mutation_keyword,False,,True
DELETE,/api/offline-storage/data/{dataId},offline_storage_sync_router.py,delete_offline_data,True,method_requires_mutation,False,,True
POST,/api/offline-storage/resolve-conflicts,offline_storage_sync_router.py,resolve_offline_storage_conflicts,True,post_mutation_keyword,False,,True
POST,/api/offline-storage/sync,offline_storage_sync_router.py,sync_offline_storage,True,post_mutation_keyword,False,,True
POST,/api/parental-control/app-blocks/sync,parental_control_sync_router.py,sync_app_blocks,True,post_mutation_keyword,False,,True
POST,/api/parental-control/app-blocks/update,parental_control_sync_router.py,update_app_blocks,True,post_mutation_keyword,False,,True
POST,/api/parental-control/geofences/add,parental_control_sync_router.py,add_geofence,True,post_default_mutation_policy,False,,True
POST,/api/parental-control/geofences/update,parental_control_sync_router.py,update_geofence,True,post_mutation_keyword,False,,True
DELETE,/api/parental-control/geofences/{geofenceId},parental_control_sync_router.py,delete_geofence,True,method_requires_mutation,False,,True
POST,/api/parental-control/location/report,parental_control_router_updated.py,report_location,True,post_mutation_keyword,True,commit|execute|sql_mutation,False
POST,/api/parental-control/schedules/delete,parental_control_sync_router.py,delete_schedule,True,post_mutation_keyword,False,,True
POST,/api/parental-control/schedules/update,parental_control_sync_router.py,update_schedule,True,post_mutation_keyword,False,,True
POST,/api/parental-control/settings/sync,parental_control_sync_router.py,sync_parental_control_settings,True,post_mutation_keyword,False,,True
POST,/api/parental-control/settings/update,parental_control_sync_router.py,update_parental_control_settings,True,post_mutation_keyword,False,,True
POST,/api/parental-control/time-limits/reset,parental_control_sync_router.py,reset_time_limits,True,post_mutation_keyword,False,,True
POST,/api/parental-control/time-limits/update,parental_control_sync_router.py,update_time_limits,True,post_mutation_keyword,False,,True
POST,/api/payments/confirm,app/routers/payments.py,confirm_payment,True,post_mutation_keyword,True,commit|execute|sql_mutation,False
POST,/api/payments/create,app/routers/payments.py,create_payment,True,post_mutation_keyword,True,commit|execute|sql_mutation,False
POST,/api/payments/qr/create,docs/server/server_snapshots/20260317_payments/payments.py,create_payment_qr,True,post_mutation_keyword,False,,True
POST,/api/payments/recover,app/routers/payments.py,recover_payment_code,True,post_mutation_keyword,True,execute,False
POST,/api/protection/disable,app/routers/protection.py,disable_protection_category,True,post_mutation_keyword,False,,True
POST,/api/protection/enable,app/routers/protection.py,enable_protection_category,True,post_mutation_keyword,False,,True
POST,/api/protection/settings,app/routers/protection.py,update_protection_settings,True,post_mutation_keyword,False,,True
POST,/api/protection/sync,app/routers/protection.py,sync_protection_settings,True,post_mutation_keyword,False,,True
POST,/api/referral/test/discount/apply,docs/server/referral_test_endpoints.py,test_apply_discount,True,post_mutation_keyword,False,,True
POST,/api/referral/test/payment/confirm,app/routers/referral_test.py,test_confirm_payment,True,post_mutation_keyword,False,,True
POST,/api/referral/test/payment/create,app/routers/referral_test.py,test_create_payment,True,post_mutation_keyword,False,,True
POST,/api/register,docs/server/REFERRAL_REGISTRATION_HANDLER.py,register_user,True,post_default_mutation_policy,True,commit,False
POST,/api/reports/ai-categories/allow,app/security/api/routers/ai_categories_router.py,allow_category,True,post_mutation_keyword,True,commit|execute|sql_mutation,False
POST,/api/reports/ai-categories/block,app/security/api/routers/ai_categories_router.py,block_category,True,post_mutation_keyword,True,commit|execute|sql_mutation,False
POST,/api/reports/dark-web/resolve,app/security/api/routers/dark_web_monitoring_router.py,resolve_leak,True,post_mutation_keyword,True,commit|execute|sql_mutation,False
POST,/api/reports/dark-web/scan/fast,app/security/api/routers/dark_web_monitoring_router.py,start_fast_scan,True,post_mutation_keyword,False,,True
POST,/api/reports/dark-web/scan/secure,app/security/api/routers/dark_web_monitoring_router.py,start_secure_scan,True,post_mutation_keyword,False,,True
POST,/api/reports/dark-web/scan/start,security/api/routers/reports_router.py,reports_dark_web_scan_start_post,True,post_mutation_keyword,True,execute|sql_mutation,False
POST,/api/reports/identity-theft/allow,app/security/api/routers/identity_theft_protection_router.py,allow_attempt,True,post_mutation_keyword,True,commit|execute|sql_mutation,False
POST,/api/reports/identity-theft/block,app/security/api/routers/identity_theft_protection_router.py,block_attempt,True,post_mutation_keyword,True,commit|execute|sql_mutation,False
POST,/api/reports/identity-theft/whitelist,app/security/api/routers/identity_theft_protection_router.py,add_to_whitelist,False,post_non_mutation_semantics,False,,False
POST,/api/reports/privacy/cleanup/start,app/security/api/routers/data_cleanup_router.py,start_cleanup,True,post_mutation_keyword,True,commit|execute|sql_mutation,False
POST,/api/reports/privacy/location/allow,app/security/api/routers/location_bubble_router.py,allow_location,True,post_mutation_keyword,True,commit|execute|sql_mutation,False
POST,/api/reports/privacy/location/block,app/security/api/routers/location_bubble_router.py,block_location,True,post_mutation_keyword,True,commit|execute|sql_mutation,False
POST,/api/reports/privacy/location/update-accuracy,app/security/api/routers/location_bubble_router.py,update_accuracy,True,post_mutation_keyword,False,,True
POST,/api/reports/privacy/tracker/whitelist,app/security/api/routers/anti_tracker_router.py,add_to_whitelist,False,post_non_mutation_semantics,True,commit|execute|sql_mutation,True
POST,/api/roadside-assistance/call,app/security/api/routers/roadside_assistance_router_updated.py,call_assistance,True,post_default_mutation_policy,False,,True
POST,/api/roadside-assistance/cancel/{request_id},app/security/api/routers/roadside_assistance_router_updated.py,cancel_request,True,post_mutation_keyword,False,,True
POST,/api/settings/biometry/update,app_settings_sync_router.py,update_biometry_settings,True,post_mutation_keyword,False,,True
POST,/api/settings/language/update,app_settings_sync_router.py,update_language_settings,True,post_mutation_keyword,False,,True
POST,/api/settings/notifications/update,app_settings_sync_router.py,update_notification_settings,True,post_mutation_keyword,False,,True
POST,/api/settings/sync,app_settings_sync_router.py,sync_app_settings,True,post_mutation_keyword,False,,True
POST,/api/settings/theme/update,app_settings_sync_router.py,update_theme_settings,True,post_mutation_keyword,False,,True
POST,/api/settings/update,app_settings_sync_router.py,update_app_settings,True,post_mutation_keyword,False,,True
POST,/api/subscription/activate,docs/server/REFERRAL_PAYMENT_HANDLER.py,activate_subscription,True,post_default_mutation_policy,True,commit,False
POST,/api/subscription/auto-renewal/update,subscription_sync_router.py,update_auto_renewal,True,post_mutation_keyword,False,,True
POST,/api/subscription/cancel,subscription_sync_router.py,cancel_subscription,True,post_mutation_keyword,False,,True
POST,/api/subscription/events/batch,app/routers/subscription_events.py,ingest_subscription_events_batch,True,post_default_mutation_policy,True,commit|execute|sql_mutation,False
POST,/api/subscription/status/update,subscription_sync_router.py,update_subscription_status,True,post_mutation_keyword,False,,True
POST,/api/subscription/sync,subscription_sync_router.py,sync_subscription,True,post_mutation_keyword,False,,True
POST,/api/subscription/update,subscription_sync_router.py,update_subscription,True,post_mutation_keyword,False,,True
POST,/api/subscription/validate-receipt,backend/app/routers/subscription.py,validate_receipt,True,post_default_mutation_policy,False,,True
POST,/api/system/backup,system_router.py,create_backup,True,post_default_mutation_policy,False,,True
POST,/api/system/maintenance,system_router.py,set_maintenance_mode,True,post_default_mutation_policy,False,,True
POST,/api/system/restart,system_router.py,restart_system,True,post_mutation_keyword,False,,True
POST,/api/user/profile/privacy/update,user_profile_sync_router.py,update_user_privacy_settings,True,post_mutation_keyword,False,,True
POST,/api/user/profile/sync,user_profile_sync_router.py,sync_user_profile,True,post_mutation_keyword,False,,True
POST,/api/user/profile/update,user_profile_sync_router.py,update_user_profile,True,post_mutation_keyword,False,,True
