component,function,method,endpoint,mutating_candidate,business_decision,business_source,static_should_write_db,static_writes_db_detected,sql_before_after_covered,contract_pass
AI Assistant,ai_assistant_analyze_threat_api_ai_assistant_analyze_threat_post,POST,/api/ai/assistant/analyze_threat,true,unknown,business_registry,true,false,false,true
AI Assistant,ai_assistant_capabilities_api_ai_assistant_capabilities_get,GET,/api/ai/assistant/capabilities,false,not_classified,none,,,false,true
AI Assistant,ai_assistant_chat_api_ai_assistant_chat_post,POST,/api/ai/assistant/chat,true,unknown,business_registry,true,false,false,true
AI Assistant,ai_assistant_feedback_api_ai_assistant_feedback_post,POST,/api/ai/assistant/feedback,true,unknown,business_registry,true,false,false,true
AI Assistant,ai_assistant_history_api_ai_assistant_history_get,GET,/api/ai/assistant/history,false,not_classified,none,,,false,true
AI Assistant,ai_assistant_recommendations_api_ai_assistant_recommendations_get,GET,/api/ai/assistant/recommendations,false,not_classified,none,,,false,true
AI Assistant,ai_assistant_report_incident_api_ai_assistant_report_incident_post,POST,/api/ai/assistant/report_incident,true,unknown,business_registry,true,false,false,true
AI Assistant,ai_assistant_security_tips_api_ai_assistant_security_tips_get,GET,/api/ai/assistant/security_tips,false,not_classified,none,,,false,true
AI Categories,allow_sites_api_ai_categories_allow_post,POST,/api/ai-categories/allow,true,must_not_write_db,business_registry,true,false,false,true
AI Categories,block_sites_api_ai_categories_block_post,POST,/api/ai-categories/block,true,must_not_write_db,business_registry,true,false,false,true
AI Categories,check_access_api_ai_categories_check_post,POST,/api/ai-categories/check,true,must_not_write_db,business_registry,true,false,false,true
AI Categories,get_access_history_api_ai_categories_history_get,GET,/api/ai-categories/history,false,not_classified,none,,,false,true
AI Categories,get_sites_api_ai_categories_sites_get,GET,/api/ai-categories/sites,false,not_classified,none,,,false,true
AI Categories,get_status_api_ai_categories_status_get,GET,/api/ai-categories/status,false,not_classified,none,,,false,true
AI Categories,health_check_api_ai_categories_health_get,GET,/api/ai-categories/health,false,not_classified,none,,,false,true
AI Categories,set_age_restriction_api_ai_categories_age_restriction_post,POST,/api/ai-categories/age-restriction,true,must_not_write_db,business_registry,true,false,false,true
Components,disable_component_api_components_disable__component_id__post,POST,/api/components/disable/{component_id},true,not_classified,none,true,false,false,true
Components,enable_component_api_components_enable__component_id__post,POST,/api/components/enable/{component_id},true,not_classified,none,true,false,false,true
Components,get_all_components_status_api_components_status_all_get,GET,/api/components/status/all,false,not_classified,none,,,false,true
Components,get_component_config_api_components_config__component_id__get,GET,/api/components/config/{component_id},false,not_classified,none,,,false,true
Components,get_component_dependencies_api_components_dependencies__component_id__get,GET,/api/components/dependencies/{component_id},false,not_classified,none,,,false,true
Components,get_component_logs_api_components_logs__component_id__get,GET,/api/components/logs/{component_id},false,not_classified,none,,,false,true
Components,get_component_metrics_api_components_metrics__component_id__get,GET,/api/components/metrics/{component_id},false,not_classified,none,,,false,true
Components,get_component_status_api_components_status__component_id__get,GET,/api/components/status/{component_id},false,not_classified,none,,,false,true
Components,get_components_health_api_components_health_get,GET,/api/components/health,false,not_classified,none,,,false,true
Components,get_components_list_api_components_list_get,GET,/api/components/list,false,not_classified,none,,,false,true
Components,restart_component_api_components_restart__component_id__post,POST,/api/components/restart/{component_id},true,not_classified,none,true,false,false,true
Components,test_component_api_components_test__component_id__post,POST,/api/components/test/{component_id},true,not_classified,none,true,true,false,true
Components,update_component_api_components_update__component_id__post,POST,/api/components/update/{component_id},true,not_classified,none,true,false,false,true
Components,update_component_config_api_components_config_update__component_id__post,POST,/api/components/config/update/{component_id},true,not_classified,none,true,false,false,true
Crash Detection,call_emergency_api_crash_detection_emergency_call_post,POST,/api/crash-detection/emergency-call,true,must_not_write_db,business_registry,true,false,false,true
Crash Detection,cancel_emergency_call_api_crash_detection_cancel_emergency_call_post,POST,/api/crash-detection/cancel-emergency-call,true,must_not_write_db,business_registry,true,false,false,true
Crash Detection,get_crash_history_api_crash_detection_history_get,GET,/api/crash-detection/history,false,not_classified,none,,,false,true
Crash Detection,get_crash_notifications_api_crash_detection_notifications_get,GET,/api/crash-detection/notifications,false,not_classified,none,,,false,true
Crash Detection,get_status_api_crash_detection_status_get,GET,/api/crash-detection/status,false,not_classified,none,,,false,true
Crash Detection,health_check_api_crash_detection_health_get,GET,/api/crash-detection/health,false,not_classified,none,,,false,true
Crash Detection,process_sensor_data_api_crash_detection_data_post,POST,/api/crash-detection/data,true,must_not_write_db,business_registry,true,false,false,true
Crash Detection,report_crash_api_crash_detection_report_post,POST,/api/crash-detection/report,true,unknown,business_registry,true,false,false,true
Crash Detection,send_crash_notification_api_crash_detection_notifications_send_post,POST,/api/crash-detection/notifications/send,true,unknown,business_registry,true,false,false,true
Crash Detection,start_monitoring_api_crash_detection_start_post,POST,/api/crash-detection/start,true,must_not_write_db,business_registry,true,false,false,true
Crash Detection,stop_monitoring_api_crash_detection_stop_post,POST,/api/crash-detection/stop,true,must_not_write_db,business_registry,true,false,false,true
Crash Detection,sync_crash_detection_api_crash_detection_sync_post,POST,/api/crash-detection/sync,true,unknown,business_registry,true,false,false,true
Dark Web Monitoring,check_email_breach_api_darkweb_check_post,POST,/api/darkweb/check,true,must_not_write_db,business_registry,true,false,false,true
Dark Web Monitoring,get_breaches_api_darkweb_breaches_get,GET,/api/darkweb/breaches,false,not_classified,none,,,false,true
Dark Web Monitoring,get_monitoring_status_api_darkweb_status_get,GET,/api/darkweb/status,false,not_classified,none,,,false,true
Dark Web Monitoring,health_check_api_darkweb_health_get,GET,/api/darkweb/health,false,not_classified,none,,,false,true
Dark Web Monitoring,start_monitoring_api_darkweb_start_monitoring_post,POST,/api/darkweb/start-monitoring,true,must_not_write_db,business_registry,true,false,false,true
Dark Web Monitoring,stop_monitoring_api_darkweb_stop_monitoring_post,POST,/api/darkweb/stop-monitoring,true,must_not_write_db,business_registry,true,false,false,true
Data Cleanup,get_cleanup_report_api_data_cleanup_report_get,GET,/api/data-cleanup/report,false,not_classified,none,,,false,true
Data Cleanup,get_removal_status_api_data_cleanup_status_get,GET,/api/data-cleanup/status,false,not_classified,none,,,false,true
Data Cleanup,get_scan_status_api_data_cleanup_scan_status_get,GET,/api/data-cleanup/scan-status,false,not_classified,none,,,false,true
Data Cleanup,get_user_preferences_api_data_cleanup_preferences_get,GET,/api/data-cleanup/preferences,false,not_classified,none,,,false,true
Data Cleanup,health_check_api_data_cleanup_health_get,GET,/api/data-cleanup/health,false,not_classified,none,,,false,true
Data Cleanup,remove_data_from_sites_api_data_cleanup_remove_post,POST,/api/data-cleanup/remove,true,not_classified,none,true,false,false,true
Data Cleanup,scan_broker_sites_api_data_cleanup_scan_post,POST,/api/data-cleanup/scan,true,not_classified,none,true,false,false,true
Data Cleanup,trigger_periodic_scan_api_data_cleanup_periodic_scan_post,POST,/api/data-cleanup/periodic-scan,true,must_not_write_db,business_registry,true,false,false,true
Data Cleanup,update_user_preferences_api_data_cleanup_preferences_post,POST,/api/data-cleanup/preferences,true,not_classified,none,true,false,false,true
Elderly Interface,sync_appointments_api_elderly_appointments_sync_post,POST,/api/elderly/appointments/sync,true,not_classified,none,true,false,false,true
Elderly Interface,sync_medications_api_elderly_medications_sync_post,POST,/api/elderly/medications/sync,true,not_classified,none,true,false,false,true
Elderly Interface,update_appointment_api_elderly_appointments_update_post,POST,/api/elderly/appointments/update,true,not_classified,none,true,false,false,true
Elderly Interface,update_medication_api_elderly_medications_update_post,POST,/api/elderly/medications/update,true,not_classified,none,true,false,false,true
Gamification,claim_gamification_achievement_api_gamification_achievements_claim_get,GET,/api/gamification/achievements/claim,false,not_classified,none,,,false,true
Gamification,claim_gamification_reward_api_gamification_rewards_claim_get,GET,/api/gamification/rewards/claim,false,not_classified,none,,,false,true
Gamification,get_gamification_achievements_api_gamification_achievements_get,GET,/api/gamification/achievements,false,not_classified,none,,,false,true
Gamification,get_gamification_achievements_progress_api_gamification_achievements_progress_get,GET,/api/gamification/achievements/progress,false,not_classified,none,,,false,true
Gamification,get_gamification_balance_api_gamification_balance__userId__get,GET,/api/gamification/balance/{userId},false,not_classified,none,,,false,true
Gamification,get_gamification_balance_current_api_gamification_balance_get,GET,/api/gamification/balance,false,not_classified,none,,,false,true
Gamification,get_gamification_progress_api_gamification_progress_get,GET,/api/gamification/progress,false,not_classified,none,,,false,true
Gamification,get_gamification_progress_level_api_gamification_progress_level_get,GET,/api/gamification/progress/level,false,not_classified,none,,,false,true
Gamification,get_gamification_progress_stats_api_gamification_progress_stats_get,GET,/api/gamification/progress/stats,false,not_classified,none,,,false,true
Gamification,get_gamification_rewards_api_gamification_rewards_get,GET,/api/gamification/rewards,false,not_classified,none,,,false,true
Gamification,get_gamification_rewards_history_api_gamification_rewards_history_get,GET,/api/gamification/rewards/history,false,not_classified,none,,,false,true
Gamification,give_gamification_reward_api_gamification_rewards_give_get,GET,/api/gamification/rewards/give,false,not_classified,none,,,false,true
Gamification,purchase_gamification_reward_api_gamification_rewards_purchase_get,GET,/api/gamification/rewards/purchase,false,not_classified,none,,,false,true
Gamification,reset_gamification_progress_api_gamification_progress_reset_get,GET,/api/gamification/progress/reset,false,not_classified,none,,,false,true
Gamification,unlock_gamification_achievement_api_gamification_achievements_unlock_get,GET,/api/gamification/achievements/unlock,false,not_classified,none,,,false,true
Gamification,update_gamification_progress_api_gamification_progress_update_get,GET,/api/gamification/progress/update,false,not_classified,none,,,false,true
Other Functions,resolve_message_conflicts_api_chat_offline_messages_resolve_conflicts_post,POST,/api/chat/offline-messages/resolve-conflicts,true,unknown,business_registry,true,false,false,true
Other Functions,send_offline_message_api_chat_offline_messages_send_post,POST,/api/chat/offline-messages/send,true,unknown,business_registry,true,false,false,true
Other Functions,sync_offline_messages_api_chat_offline_messages_sync_post,POST,/api/chat/offline-messages/sync,true,unknown,business_registry,true,false,false,true
analytics,get_analytics_api_analytics_get,GET,/api/analytics,false,not_classified,none,,,false,true
analytics,get_analytics_threats_api_analytics_threats_get,GET,/api/analytics/threats,false,not_classified,none,,,false,true
analytics,get_analytics_top_threats_api_analytics_top_threats_get,GET,/api/analytics/top-threats,false,not_classified,none,,,false,true
anti-tracker,block_tracker_api_anti_tracker_block_post,POST,/api/anti-tracker/block,true,must_not_write_db,business_registry,true,false,false,true
anti-tracker,check_request_api_anti_tracker_check_post,POST,/api/anti-tracker/check,true,must_not_write_db,business_registry,true,false,false,true
anti-tracker,get_block_status_api_anti_tracker_status_get,GET,/api/anti-tracker/status,false,not_classified,none,,,false,true
anti-tracker,get_settings_api_anti_tracker_settings_get,GET,/api/anti-tracker/settings,false,not_classified,none,,,false,true
anti-tracker,get_statistics_api_anti_tracker_stats_get,GET,/api/anti-tracker/stats,false,not_classified,none,,,false,true
anti-tracker,get_tracker_lists_api_anti_tracker_trackers_get,GET,/api/anti-tracker/trackers,false,not_classified,none,,,false,true
anti-tracker,health_check_api_anti_tracker_health_get,GET,/api/anti-tracker/health,false,not_classified,none,,,false,true
anti-tracker,unblock_tracker_api_anti_tracker_unblock_post,POST,/api/anti-tracker/unblock,true,must_not_write_db,business_registry,true,false,false,true
anti-tracker,update_settings_api_anti_tracker_settings_post,POST,/api/anti-tracker/settings,true,must_not_write_db,business_registry,true,false,false,true
auth,login_api_auth_login_post,POST,/api/auth/login,true,not_classified,none,,,false,true
auth,login_by_recovery_code_api_auth_login_by_recovery_code_post,POST,/api/auth/login-by-recovery-code,true,not_classified,none,,,false,true
auth,logout_api_auth_logout_post,POST,/api/auth/logout,true,not_classified,none,,,false,true
auth,refresh_token_api_auth_refresh_post,POST,/api/auth/refresh,true,not_classified,none,,,false,true
auth,register_api_auth_register_post,POST,/api/auth/register,true,not_classified,none,,,false,true
components,components_bulk_update_compat_api_components_bulk_update_get,GET,/api/components/bulk-update,false,not_classified,none,,,false,true
components,components_config_compat_api_components_config_get,GET,/api/components/config,false,not_classified,none,,,false,true
components,disable_component_compat_api_components_disable_get,GET,/api/components/disable,false,not_classified,none,,,false,true
components,enable_component_compat_api_components_enable_get,GET,/api/components/enable,false,not_classified,none,,,false,true
components,get_batch_component_status_api_components_batch_status_post,POST,/api/components/batch/status,true,not_classified,none,false,false,false,true
components,get_component_configuration_api_components_configuration__component_id__get,GET,/api/components/configuration/{component_id},false,not_classified,none,,,false,true
components,get_components_status_compat_api_components_status_get,GET,/api/components/status,false,not_classified,none,,,false,true
components,update_component_configuration_api_components_configuration__component_id__post,POST,/api/components/configuration/{component_id},true,not_classified,none,true,true,false,true
components,update_component_status_compat_api_components_status__component_id__post,POST,/api/components/status/{component_id},true,not_classified,none,false,false,false,true
crash-detection-compat,crash_detection_alert_api_crash_detection_alert_get,GET,/api/crash-detection/alert,false,not_classified,none,,,false,true
crash-detection-compat,crash_detection_settings_update_api_crash_detection_settings_update_get,GET,/api/crash-detection/settings/update,false,not_classified,none,,,false,true
crash-detection-compat,crash_detection_setup_api_crash_detection_setup_get,GET,/api/crash-detection/setup,false,not_classified,none,,,false,true
driving-reports,generate_report_api_driving_reports_generate_post,POST,/api/driving-reports/generate,true,not_classified,none,true,false,false,true
driving-reports,get_monthly_report_api_driving_reports_monthly__user_id__get,GET,/api/driving-reports/monthly/{user_id},false,not_classified,none,,,false,true
driving-reports,get_recommendations_api_driving_reports_recommendations__user_id__get,GET,/api/driving-reports/recommendations/{user_id},false,not_classified,none,,,false,true
driving-reports,get_report_api_driving_reports_report__report_id__get,GET,/api/driving-reports/report/{report_id},false,not_classified,none,,,false,true
driving-reports,get_safety_score_api_driving_reports_safety_score__user_id__get,GET,/api/driving-reports/safety-score/{user_id},false,not_classified,none,,,false,true
driving-reports,get_violations_statistics_api_driving_reports_violations__user_id__get,GET,/api/driving-reports/violations/{user_id},false,not_classified,none,,,false,true
driving-reports,get_weekly_report_api_driving_reports_weekly__user_id__get,GET,/api/driving-reports/weekly/{user_id},false,not_classified,none,,,false,true
driving-reports,health_check_api_driving_reports_health_get,GET,/api/driving-reports/health,false,not_classified,none,,,false,true
driving-reports,record_event_api_driving_reports_event_post,POST,/api/driving-reports/event,true,not_classified,none,true,false,false,true
driving-reports,start_monitoring_api_driving_reports_start_post,POST,/api/driving-reports/start,true,not_classified,none,true,false,false,true
driving-reports,stop_monitoring_api_driving_reports_stop_post,POST,/api/driving-reports/stop,true,not_classified,none,true,false,false,true
family,add_family_member_compat_api_family_add_get,GET,/api/family/add,false,not_classified,none,,,false,true
family,create_family_endpoint_api_family_create_post,POST,/api/family/create,true,not_classified,none,true,false,false,true
family,family_chat_messages_compat_api_family_chat_messages_get,GET,/api/family/chat/messages,false,not_classified,none,,,false,true
family,family_chat_send_compat_api_family_chat_send_get,GET,/api/family/chat/send,false,not_classified,none,,,false,true
family,get_family_member_compat_api_family_member_get,GET,/api/family/member,false,not_classified,none,,,false,true
family,get_family_members_compat_api_family_members_get,GET,/api/family/members,false,not_classified,none,,,false,true
family,get_family_stats_api_family_stats_get,GET,/api/family/stats,false,not_classified,none,,,false,true
family,join_family_compat_api_family_join_get,GET,/api/family/join,false,not_classified,none,,,false,true
family,recover_family_compat_api_family_recover_get,GET,/api/family/recover,false,not_classified,none,,,false,true
family,remove_family_member_api_family_remove_delete,DELETE,/api/family/remove,true,not_classified,none,true,true,false,true
family,remove_family_member_compat_api_family_remove_get,GET,/api/family/remove,false,not_classified,none,,,false,true
misc-other-compat,devices_list_api_devices_get,GET,/api/devices,false,not_classified,none,,,false,true
other,root__get,GET,/,false,not_classified,none,,,false,true
payments,retrieve_activation_code_api_activation_retrieve_post,POST,/api/activation/retrieve,true,must_not_write_db,business_registry,true,false,false,true
subscription,register_device_api_auth_register_device_post,POST,/api/auth/register-device,true,not_classified,none,true,false,false,true
subscription,register_device_with_trial_api_auth_register_device_trial_post,POST,/api/auth/register-device-trial,true,not_classified,none,true,false,false,true
system-ai-compat,ai_chat_compat_api_ai_chat_get,GET,/api/ai/chat,false,not_classified,none,,,false,true
system-ai-compat,ai_message_compat_api_ai_message_get,GET,/api/ai/message,false,not_classified,none,,,false,true
