Product ID,Country Code,Price Tier
family.aladdin.ios.subscription.free,AE,0
family.aladdin.ios.subscription.free,AG,0
family.aladdin.ios.subscription.free,AI,0
family.aladdin.ios.subscription.free,AL,0
family.aladdin.ios.subscription.free,AM,0
family.aladdin.ios.subscription.free,AO,0
family.aladdin.ios.subscription.free,AR,0
family.aladdin.ios.subscription.free,AT,0
family.aladdin.ios.subscription.free,AU,0
family.aladdin.ios.subscription.free,AZ,0
family.aladdin.ios.subscription.free,BB,0
family.aladdin.ios.subscription.free,BD,0
family.aladdin.ios.subscription.free,BE,0
family.aladdin.ios.subscription.free,BG,0
family.aladdin.ios.subscription.free,BH,0
family.aladdin.ios.subscription.free,BJ,0
family.aladdin.ios.subscription.free,BM,0
family.aladdin.ios.subscription.free,BN,0
family.aladdin.ios.subscription.free,BO,0
family.aladdin.ios.subscription.free,BR,0
family.aladdin.ios.subscription.free,BS,0
family.aladdin.ios.subscription.free,BW,0
family.aladdin.ios.subscription.free,BY,0
family.aladdin.ios.subscription.free,BZ,0
family.aladdin.ios.subscription.free,CA,0
family.aladdin.ios.subscription.free,CH,0
family.aladdin.ios.subscription.free,CL,0
family.aladdin.ios.subscription.free,CN,0
family.aladdin.ios.subscription.free,CO,0
family.aladdin.ios.subscription.free,CR,0
family.aladdin.ios.subscription.free,CV,0
family.aladdin.ios.subscription.free,CY,0
family.aladdin.ios.subscription.free,CZ,0
family.aladdin.ios.subscription.free,DE,0
family.aladdin.ios.subscription.free,DK,0
family.aladdin.ios.subscription.free,DM,0
family.aladdin.ios.subscription.free,DO,0
family.aladdin.ios.subscription.free,DZ,0
family.aladdin.ios.subscription.free,EC,0
family.aladdin.ios.subscription.free,EE,0
family.aladdin.ios.subscription.free,EG,0
family.aladdin.ios.subscription.free,ES,0
family.aladdin.ios.subscription.free,FI,0
family.aladdin.ios.subscription.free,FJ,0
family.aladdin.ios.subscription.free,FR,0
family.aladdin.ios.subscription.free,GB,0
family.aladdin.ios.subscription.free,GD,0
family.aladdin.ios.subscription.free,GH,0
family.aladdin.ios.subscription.free,GM,0
family.aladdin.ios.subscription.free,GR,0
family.aladdin.ios.subscription.free,GT,0
family.aladdin.ios.subscription.free,GW,0
family.aladdin.ios.subscription.free,GY,0
family.aladdin.ios.subscription.free,HK,0
family.aladdin.ios.subscription.free,HN,0
family.aladdin.ios.subscription.free,HR,0
family.aladdin.ios.subscription.free,HU,0
family.aladdin.ios.subscription.free,ID,0
family.aladdin.ios.subscription.free,IE,0
family.aladdin.ios.subscription.free,IL,0
family.aladdin.ios.subscription.free,IN,0
family.aladdin.ios.subscription.free,IS,0
family.aladdin.ios.subscription.free,IT,0
family.aladdin.ios.subscription.free,JM,0
family.aladdin.ios.subscription.free,JO,0
family.aladdin.ios.subscription.free,JP,0
family.aladdin.ios.subscription.free,KE,0
family.aladdin.ios.subscription.free,KG,0
family.aladdin.ios.subscription.free,KH,0
family.aladdin.ios.subscription.free,KN,0
family.aladdin.ios.subscription.free,KR,0
family.aladdin.ios.subscription.free,KW,0
family.aladdin.ios.subscription.free,KY,0
family.aladdin.ios.subscription.free,KZ,0
family.aladdin.ios.subscription.free,LA,0
family.aladdin.ios.subscription.free,LB,0
family.aladdin.ios.subscription.free,LC,0
family.aladdin.ios.subscription.free,LK,0
family.aladdin.ios.subscription.free,LR,0
family.aladdin.ios.subscription.free,LT,0
family.aladdin.ios.subscription.free,LU,0
family.aladdin.ios.subscription.free,LV,0
family.aladdin.ios.subscription.free,MD,0
family.aladdin.ios.subscription.free,MG,0
family.aladdin.ios.subscription.free,MK,0
family.aladdin.ios.subscription.free,ML,0
family.aladdin.ios.subscription.free,MN,0
family.aladdin.ios.subscription.free,MO,0
family.aladdin.ios.subscription.free,MT,0
family.aladdin.ios.subscription.free,MU,0
family.aladdin.ios.subscription.free,MW,0
family.aladdin.ios.subscription.free,MX,0
family.aladdin.ios.subscription.free,MY,0
family.aladdin.ios.subscription.free,MZ,0
family.aladdin.ios.subscription.free,NA,0
family.aladdin.ios.subscription.free,NE,0
family.aladdin.ios.subscription.free,NG,0
family.aladdin.ios.subscription.free,NI,0
family.aladdin.ios.subscription.free,NL,0
family.aladdin.ios.subscription.free,NO,0
family.aladdin.ios.subscription.free,NP,0
family.aladdin.ios.subscription.free,NZ,0
family.aladdin.ios.subscription.free,OM,0
family.aladdin.ios.subscription.free,PA,0
family.aladdin.ios.subscription.free,PE,0
family.aladdin.ios.subscription.free,PG,0
family.aladdin.ios.subscription.free,PH,0
family.aladdin.ios.subscription.free,PK,0
family.aladdin.ios.subscription.free,PL,0
family.aladdin.ios.subscription.free,PT,0
family.aladdin.ios.subscription.free,PW,0
family.aladdin.ios.subscription.free,PY,0
family.aladdin.ios.subscription.free,QA,0
family.aladdin.ios.subscription.free,RO,0
family.aladdin.ios.subscription.free,RU,0
family.aladdin.ios.subscription.free,SA,0
family.aladdin.ios.subscription.free,SB,0
family.aladdin.ios.subscription.free,SC,0
family.aladdin.ios.subscription.free,SE,0
family.aladdin.ios.subscription.free,SG,0
family.aladdin.ios.subscription.free,SI,0
family.aladdin.ios.subscription.free,SK,0
family.aladdin.ios.subscription.free,SN,0
family.aladdin.ios.subscription.free,SR,0
family.aladdin.ios.subscription.free,ST,0
family.aladdin.ios.subscription.free,SV,0
family.aladdin.ios.subscription.free,SZ,0
family.aladdin.ios.subscription.free,TC,0
family.aladdin.ios.subscription.free,TD,0
family.aladdin.ios.subscription.free,TH,0
family.aladdin.ios.subscription.free,TJ,0
family.aladdin.ios.subscription.free,TN,0
family.aladdin.ios.subscription.free,TR,0
family.aladdin.ios.subscription.free,TT,0
family.aladdin.ios.subscription.free,TW,0
family.aladdin.ios.subscription.free,TZ,0
family.aladdin.ios.subscription.free,UA,0
family.aladdin.ios.subscription.free,UG,0
family.aladdin.ios.subscription.free,US,0
family.aladdin.ios.subscription.free,UY,0
family.aladdin.ios.subscription.free,UZ,0
family.aladdin.ios.subscription.free,VC,0
family.aladdin.ios.subscription.free,VE,0
family.aladdin.ios.subscription.free,VG,0
family.aladdin.ios.subscription.free,VN,0
family.aladdin.ios.subscription.free,VU,0
family.aladdin.ios.subscription.free,WS,0
family.aladdin.ios.subscription.free,ZA,0
family.aladdin.ios.subscription.free,ZW,0
